-- phpMyAdmin SQL Dump
-- version 4.5.1
-- http://www.phpmyadmin.net
--
-- Host: 127.0.0.1
-- Generation Time: Dec 16, 2015 at 01:49 AM
-- Server version: 5.6.17
-- PHP Version: 5.5.12

SET SQL_MODE = "NO_AUTO_VALUE_ON_ZERO";
SET time_zone = "+00:00";


/*!40101 SET @OLD_CHARACTER_SET_CLIENT=@@CHARACTER_SET_CLIENT */;
/*!40101 SET @OLD_CHARACTER_SET_RESULTS=@@CHARACTER_SET_RESULTS */;
/*!40101 SET @OLD_COLLATION_CONNECTION=@@COLLATION_CONNECTION */;
/*!40101 SET NAMES utf8mb4 */;

--
-- Database: `bicycle_rent_app`
--

-- --------------------------------------------------------

--
-- Table structure for table `bicycle_brand`
--

CREATE TABLE `bicycle_brand` (
  `id` int(10) NOT NULL,
  `name` varchar(100) CHARACTER SET utf8 COLLATE utf8_bin NOT NULL
) ENGINE=InnoDB DEFAULT CHARSET=latin1;

--
-- Dumping data for table `bicycle_brand`
--

INSERT INTO `bicycle_brand` (`id`, `name`) VALUES
(85, 'Baliquip'),
(3, 'Bianchi'),
(10, 'Cannondale'),
(8, 'Cervelo'),
(21, 'Dolabore'),
(70, 'Facilis'),
(2, 'Fuji'),
(4, 'Giant'),
(9, 'Helkama'),
(6, 'Hercules'),
(32, 'Hodio'),
(33, 'Lafacilisis'),
(15, 'Pullamcorper'),
(25, 'Saliquyam'),
(7, 'Salsa'),
(5, 'Specialized'),
(1, 'Trek'),
(12, 'Tvero'),
(90, 'accusam'),
(52, 'accusams'),
(71, 'aliquyam'),
(37, 'aliquyam invidunt'),
(35, 'amet'),
(47, 'ametgsa'),
(82, 'at'),
(68, 'clita ipsum'),
(67, 'consetetur zzril'),
(65, 'delenit'),
(27, 'delenit feugiat'),
(26, 'diam'),
(24, 'diam amet'),
(44, 'diam assum'),
(11, 'diam nonumy'),
(56, 'diamhsd'),
(29, 'diams'),
(58, 'dolor'),
(84, 'dolor amet'),
(42, 'dolor et'),
(39, 'dolore'),
(34, 'dolores'),
(14, 'duo elit'),
(50, 'duo erat'),
(17, 'ea feugait'),
(55, 'eirmod'),
(77, 'elitr lorem'),
(97, 'enim'),
(89, 'eos'),
(95, 'eos justo'),
(60, 'erat dolor'),
(73, 'erat sit'),
(76, 'et elitr'),
(62, 'euismod clita'),
(79, 'exerci nonumy'),
(59, 'facilisi'),
(94, 'feugait sed'),
(57, 'gubergren'),
(51, 'in'),
(31, 'ipsum'),
(43, 'ipsum ex'),
(78, 'ipsum no'),
(49, 'ipsum sadipscing'),
(96, 'iusto dolor'),
(30, 'labore'),
(16, 'laoreet'),
(45, 'lorem'),
(53, 'lorem diam'),
(99, 'lorem dolor'),
(41, 'magna'),
(93, 'magna amet'),
(88, 'no'),
(98, 'no dolore'),
(81, 'no eos'),
(28, 'nonummy'),
(100, 'nonummy dolor'),
(83, 'odio'),
(61, 'praesent'),
(48, 'rebum eirmod'),
(86, 'rebum kasd'),
(38, 'sadipscing amet'),
(64, 'sanctus'),
(66, 'sea'),
(69, 'sea aliquyam'),
(40, 'sed'),
(80, 'sed dolor'),
(91, 'sed gubergren'),
(18, 'sit vero'),
(74, 'stet nonumy'),
(19, 'stet rebum'),
(22, 'takimata lorem'),
(54, 'takimata stet'),
(36, 'takimata takimata'),
(23, 'tation no'),
(87, 'tempor gubergren'),
(63, 'ullamcorper'),
(20, 'ut'),
(13, 'ut est'),
(46, 'vero'),
(75, 'volutpat consectetuer'),
(72, 'wisi'),
(92, 'wisi vero');

-- --------------------------------------------------------

--
-- Table structure for table `bicycle_disposal`
--

CREATE TABLE `bicycle_disposal` (
  `outlet_id` int(10) NOT NULL,
  `bicycle_id` int(10) NOT NULL
) ENGINE=InnoDB DEFAULT CHARSET=latin1;

--
-- Dumping data for table `bicycle_disposal`
--

INSERT INTO `bicycle_disposal` (`outlet_id`, `bicycle_id`) VALUES
(89, 688),
(76, 657),
(86, 511),
(31, 249),
(97, 394),
(68, 958),
(89, 741),
(107, 626),
(35, 364),
(99, 339),
(82, 963),
(63, 587),
(42, 888),
(32, 269),
(46, 249),
(79, 341),
(67, 875),
(54, 607),
(66, 892),
(47, 14),
(41, 257),
(53, 102),
(59, 914),
(80, 333),
(26, 372),
(16, 280),
(6, 939),
(45, 140),
(48, 834),
(55, 689),
(72, 854),
(28, 66),
(78, 759),
(92, 6),
(3, 312),
(34, 715),
(22, 349),
(63, 571),
(85, 197),
(3, 131),
(23, 73),
(75, 39),
(30, 424),
(34, 610),
(5, 31),
(103, 541),
(8, 803),
(87, 861),
(29, 269),
(45, 366),
(20, 825),
(105, 235),
(109, 84),
(95, 69),
(8, 561),
(91, 616),
(14, 621),
(3, 638),
(45, 64),
(45, 882),
(68, 223),
(110, 875),
(81, 946),
(6, 336),
(23, 465),
(6, 428),
(68, 982),
(54, 464),
(19, 716),
(81, 965),
(5, 59),
(16, 704),
(9, 687),
(4, 314),
(110, 721),
(1, 315),
(66, 401),
(101, 861),
(63, 953),
(22, 516),
(74, 411),
(69, 245),
(2, 313),
(97, 302),
(103, 257),
(51, 298),
(60, 389),
(43, 798),
(102, 521),
(99, 755),
(96, 2),
(54, 964),
(57, 930),
(47, 40),
(86, 953),
(26, 25),
(76, 354),
(28, 461),
(17, 5),
(99, 23),
(58, 875),
(15, 593),
(14, 157),
(58, 875),
(53, 110),
(10, 173),
(101, 170),
(57, 601),
(72, 765),
(15, 593),
(82, 324),
(90, 801),
(48, 676),
(8, 50),
(66, 108),
(111, 27),
(90, 706),
(1, 975),
(101, 205),
(98, 40),
(26, 739),
(96, 227),
(32, 714),
(40, 826),
(14, 21),
(25, 248),
(110, 549),
(92, 174),
(43, 390),
(72, 4),
(49, 257),
(72, 904),
(17, 112),
(50, 940),
(35, 91),
(106, 944),
(19, 586),
(111, 464),
(103, 335),
(9, 934),
(22, 645),
(20, 112),
(63, 130),
(15, 200),
(77, 479),
(85, 339),
(21, 370),
(8, 290),
(111, 452),
(9, 38),
(15, 478),
(38, 383),
(56, 923),
(52, 397),
(59, 329),
(29, 454),
(51, 352),
(9, 753),
(22, 477),
(26, 267),
(99, 898),
(83, 879),
(99, 257),
(62, 1010),
(56, 663),
(44, 276),
(14, 712),
(4, 524),
(29, 241),
(36, 744),
(43, 731),
(52, 813),
(21, 721),
(97, 845),
(6, 864),
(107, 428),
(71, 795),
(20, 684),
(66, 941),
(51, 875),
(38, 657),
(75, 702),
(56, 400),
(32, 706),
(33, 559),
(78, 68),
(84, 415),
(31, 179),
(92, 278),
(38, 522),
(68, 86),
(74, 246),
(52, 10),
(37, 539),
(19, 432),
(71, 54),
(29, 357),
(89, 319),
(94, 884),
(62, 462),
(92, 394),
(7, 959),
(85, 488),
(10, 85),
(34, 83),
(68, 637),
(69, 140),
(74, 955),
(86, 453),
(42, 946),
(77, 387),
(30, 722),
(7, 251),
(69, 474),
(103, 708),
(19, 100),
(102, 150),
(110, 373),
(29, 370),
(29, 963),
(99, 592),
(99, 511),
(76, 199),
(22, 57),
(53, 817),
(101, 386),
(80, 821),
(109, 548),
(94, 199),
(7, 569),
(7, 822),
(92, 571),
(50, 787),
(97, 245),
(23, 635),
(15, 318),
(98, 825),
(12, 212),
(60, 791),
(42, 454),
(35, 31),
(19, 153),
(78, 387),
(72, 956),
(80, 275),
(109, 235),
(16, 803),
(27, 185),
(31, 518),
(27, 79),
(43, 425),
(111, 598),
(52, 319),
(37, 411),
(76, 817),
(74, 109),
(61, 577),
(35, 669),
(45, 23),
(96, 896),
(90, 539),
(69, 254),
(98, 425),
(62, 19),
(65, 449),
(56, 221),
(94, 259),
(107, 195),
(11, 279),
(28, 476),
(71, 766),
(32, 577),
(69, 389),
(93, 905),
(70, 620),
(92, 295),
(57, 102),
(56, 969),
(87, 1001),
(42, 389),
(101, 548),
(35, 660),
(19, 541),
(82, 18),
(46, 210),
(100, 877),
(88, 992),
(102, 337),
(109, 91),
(79, 559),
(31, 309),
(55, 335),
(82, 399),
(65, 253),
(109, 566),
(93, 531),
(60, 114),
(57, 876),
(90, 837),
(55, 344),
(48, 1009),
(97, 768),
(75, 936),
(89, 486),
(49, 752),
(52, 510),
(50, 796),
(59, 754),
(18, 361),
(4, 935),
(91, 690),
(17, 1006),
(31, 67),
(44, 255),
(34, 685),
(106, 260),
(96, 260),
(18, 491),
(66, 1010),
(36, 199),
(10, 250),
(64, 335),
(74, 222),
(63, 418),
(79, 917),
(23, 297),
(58, 408),
(41, 297),
(62, 456),
(37, 783),
(58, 662),
(85, 387),
(87, 903),
(32, 290),
(55, 704),
(107, 523),
(54, 998),
(26, 116),
(32, 419),
(69, 174),
(31, 664),
(101, 25),
(33, 512),
(50, 758),
(76, 226),
(58, 899),
(27, 676),
(6, 805),
(46, 970),
(77, 292),
(15, 971),
(76, 739),
(43, 433),
(20, 281),
(109, 168),
(89, 480),
(29, 506),
(21, 379),
(81, 81),
(51, 34),
(107, 33),
(79, 78),
(69, 272),
(58, 302),
(21, 792),
(23, 485),
(49, 68),
(50, 338),
(63, 255),
(64, 946),
(54, 296),
(2, 240),
(107, 542),
(24, 338),
(107, 331),
(70, 934),
(58, 866),
(3, 22),
(36, 347),
(94, 347),
(53, 778),
(31, 980),
(45, 830),
(83, 806),
(51, 363),
(12, 21),
(47, 802),
(43, 402),
(47, 940),
(107, 329),
(104, 459),
(62, 825),
(59, 21),
(38, 311),
(44, 54),
(48, 874),
(88, 726),
(61, 769),
(107, 237),
(109, 579),
(14, 625),
(55, 936),
(75, 228),
(14, 788),
(10, 927),
(61, 644),
(13, 551),
(105, 438),
(79, 459),
(10, 904),
(24, 133),
(77, 83),
(100, 726),
(26, 464),
(85, 57),
(13, 285),
(43, 124),
(106, 318),
(100, 230),
(49, 898),
(43, 59),
(54, 94),
(56, 767),
(23, 459),
(33, 543),
(71, 821),
(31, 898),
(55, 213),
(4, 454),
(75, 543),
(13, 642),
(46, 358),
(101, 712),
(81, 789),
(93, 585),
(102, 613),
(34, 835),
(90, 785),
(54, 453),
(29, 278),
(23, 759),
(6, 960),
(79, 402),
(63, 287),
(70, 897),
(76, 191),
(3, 169),
(61, 913),
(57, 722),
(98, 775),
(100, 508),
(20, 140),
(29, 452),
(50, 19),
(110, 528),
(90, 16),
(53, 580),
(105, 97),
(101, 930),
(34, 232),
(41, 282),
(110, 435),
(47, 186),
(92, 878),
(70, 47),
(48, 737),
(107, 225),
(65, 212),
(22, 993),
(95, 619),
(95, 74),
(74, 788),
(106, 639),
(85, 229),
(60, 599),
(73, 186),
(36, 341),
(110, 461),
(81, 303),
(83, 401),
(24, 416),
(62, 558),
(58, 775),
(54, 519),
(107, 676),
(101, 302),
(58, 238),
(50, 164),
(22, 102),
(16, 49),
(78, 356),
(44, 67),
(56, 724),
(88, 238),
(67, 205),
(84, 475),
(79, 868),
(31, 214),
(102, 29),
(51, 407),
(102, 510),
(109, 498),
(95, 313),
(51, 8),
(69, 355),
(68, 796),
(49, 122),
(64, 407),
(64, 726),
(45, 377),
(103, 908),
(36, 806),
(45, 563),
(20, 699),
(5, 64),
(104, 849),
(89, 86),
(41, 263),
(38, 132),
(97, 426),
(108, 859),
(66, 232),
(42, 234),
(26, 397),
(95, 257),
(33, 204),
(16, 205),
(20, 955),
(102, 820),
(55, 153),
(3, 662),
(11, 602),
(88, 697),
(97, 550),
(52, 689),
(15, 27),
(110, 316),
(57, 9),
(81, 116),
(45, 237),
(59, 58),
(12, 147),
(74, 490),
(96, 728),
(8, 346),
(54, 340),
(48, 114),
(94, 694),
(104, 629),
(82, 652),
(37, 978),
(65, 478),
(35, 97),
(32, 150),
(52, 227),
(31, 701),
(16, 149),
(74, 315),
(86, 669),
(60, 814),
(94, 818),
(99, 249),
(59, 334),
(33, 82),
(82, 802),
(77, 955),
(64, 130),
(48, 199),
(70, 864),
(109, 860),
(89, 224),
(80, 933),
(38, 542),
(28, 356),
(58, 447),
(107, 649),
(87, 591),
(94, 49),
(98, 93),
(29, 647),
(108, 568),
(47, 898),
(58, 818),
(93, 432),
(19, 440),
(88, 548),
(97, 407),
(63, 180),
(90, 985),
(75, 368),
(57, 65),
(109, 599),
(66, 109),
(94, 329),
(46, 165),
(91, 207),
(5, 21),
(107, 390),
(84, 348),
(77, 745),
(101, 883),
(78, 662),
(62, 964),
(60, 10),
(93, 19),
(100, 855),
(71, 711),
(31, 819),
(58, 166),
(89, 912),
(74, 834),
(5, 110),
(27, 228),
(60, 646),
(12, 851),
(109, 8),
(76, 798),
(5, 938),
(50, 50),
(97, 100),
(34, 465),
(83, 205),
(103, 69),
(10, 141),
(104, 515),
(85, 340),
(76, 56),
(66, 198),
(42, 614),
(29, 167),
(6, 425),
(16, 683),
(2, 565),
(38, 192),
(38, 155),
(71, 915),
(97, 307),
(83, 257),
(60, 107),
(55, 165),
(64, 633),
(107, 228),
(58, 828),
(59, 327),
(8, 324),
(70, 968),
(87, 769),
(49, 537),
(23, 772),
(48, 87),
(102, 48),
(20, 565),
(49, 138),
(89, 435),
(26, 23),
(73, 773),
(28, 754),
(13, 40),
(15, 271),
(64, 805),
(8, 201),
(13, 168),
(44, 927),
(41, 477),
(94, 370),
(102, 720),
(40, 342),
(55, 482),
(57, 390),
(92, 926),
(55, 577),
(75, 818),
(95, 174),
(61, 334),
(14, 88),
(73, 113),
(88, 145),
(91, 370),
(21, 737),
(78, 315),
(105, 154),
(60, 958),
(26, 949),
(98, 233),
(96, 842),
(77, 58),
(7, 603),
(95, 74),
(65, 859),
(87, 201),
(88, 99),
(76, 957),
(15, 762),
(73, 81),
(24, 497),
(99, 843),
(27, 437),
(86, 40),
(67, 803),
(95, 674),
(54, 373),
(44, 1),
(60, 828),
(18, 430),
(44, 192),
(27, 1010),
(40, 115),
(60, 414),
(48, 216),
(63, 564),
(15, 872),
(64, 103),
(92, 994),
(77, 447),
(49, 872),
(27, 278),
(74, 3),
(51, 610),
(42, 891),
(97, 260),
(79, 137),
(22, 316),
(49, 40),
(39, 530),
(89, 426),
(11, 808),
(25, 38),
(51, 9),
(108, 252),
(10, 918),
(24, 340),
(67, 811),
(54, 121),
(70, 581),
(5, 638),
(68, 168),
(48, 492),
(3, 146),
(91, 231),
(4, 991),
(75, 383),
(20, 835),
(81, 158),
(38, 85),
(27, 787),
(92, 828),
(89, 125),
(98, 131),
(45, 1004),
(90, 891),
(50, 674),
(53, 892),
(13, 479),
(81, 400),
(53, 79),
(3, 126),
(61, 830),
(21, 212),
(50, 980),
(55, 561),
(90, 944),
(51, 783),
(64, 583),
(31, 382),
(22, 548),
(23, 396),
(75, 126),
(60, 458),
(51, 579),
(71, 582),
(88, 897),
(34, 202),
(2, 102),
(30, 849),
(52, 770),
(25, 653),
(11, 837),
(9, 433),
(89, 474),
(42, 291),
(15, 342),
(82, 786),
(99, 729),
(61, 676),
(4, 588),
(43, 765),
(11, 969),
(76, 854),
(10, 327),
(92, 970),
(34, 509),
(76, 138),
(61, 528),
(47, 585),
(32, 222),
(65, 839),
(36, 876),
(85, 672),
(58, 41),
(94, 757),
(27, 950),
(17, 803),
(38, 961),
(36, 842),
(58, 439),
(31, 136),
(34, 962),
(46, 859),
(68, 825),
(51, 385),
(74, 658),
(7, 107),
(82, 842),
(11, 821),
(36, 841),
(74, 678),
(82, 580),
(46, 7),
(49, 498),
(60, 227),
(5, 364),
(24, 966),
(49, 267),
(46, 535),
(8, 147),
(56, 142),
(48, 68),
(66, 716),
(29, 59),
(71, 245),
(48, 690),
(40, 696),
(35, 688),
(96, 669),
(99, 968),
(28, 144),
(71, 925),
(110, 254),
(99, 616),
(66, 429),
(26, 541),
(82, 922),
(2, 864),
(51, 318),
(32, 781),
(8, 1001),
(78, 358),
(87, 599),
(54, 534),
(32, 604),
(95, 158),
(63, 732),
(72, 66),
(7, 303),
(70, 665),
(13, 210),
(4, 278),
(39, 821),
(98, 776),
(102, 353),
(89, 876),
(4, 632),
(91, 779),
(71, 526),
(30, 82),
(82, 709),
(57, 604),
(12, 165),
(89, 769),
(11, 692),
(64, 486),
(58, 100),
(85, 915),
(51, 250),
(17, 234),
(25, 915),
(80, 20),
(90, 513),
(92, 581),
(59, 422),
(86, 898),
(46, 688),
(39, 317),
(87, 620),
(95, 612),
(37, 351),
(4, 249),
(49, 453),
(25, 960),
(8, 34),
(49, 106),
(85, 400),
(65, 491),
(82, 993),
(75, 955),
(85, 759),
(63, 954),
(71, 309),
(23, 752),
(14, 979),
(43, 775),
(16, 900),
(28, 165),
(40, 583),
(9, 902),
(21, 777),
(11, 700),
(61, 452),
(56, 142),
(103, 812),
(96, 676),
(35, 472),
(7, 787),
(22, 912),
(58, 881),
(84, 891),
(90, 149),
(93, 141),
(29, 686),
(86, 870),
(50, 408),
(23, 453),
(64, 1010),
(93, 58),
(36, 772),
(22, 823),
(55, 473),
(6, 208),
(39, 828),
(86, 102),
(101, 610),
(32, 42),
(87, 802),
(91, 948),
(111, 937),
(63, 71),
(99, 826),
(63, 333),
(9, 244),
(7, 998),
(9, 593),
(32, 889),
(46, 567),
(27, 771),
(19, 1001),
(87, 828),
(100, 407),
(32, 702),
(74, 572),
(89, 220),
(69, 427),
(66, 964),
(44, 870),
(72, 55),
(53, 610),
(2, 420),
(79, 78),
(38, 68),
(80, 498),
(32, 809),
(17, 573),
(37, 521),
(2, 180),
(69, 429),
(46, 50),
(55, 293),
(13, 6),
(58, 80),
(96, 636),
(97, 19),
(53, 253),
(30, 844),
(105, 990),
(63, 78),
(55, 205),
(76, 820),
(39, 277),
(59, 682),
(110, 416),
(110, 175),
(68, 731),
(40, 417),
(13, 44),
(109, 923),
(75, 827),
(18, 994),
(2, 586),
(94, 206),
(61, 617),
(23, 931),
(83, 348),
(32, 331),
(106, 648),
(110, 561),
(41, 555),
(80, 518),
(85, 376),
(80, 595),
(7, 879),
(102, 173),
(65, 198),
(56, 964),
(101, 747),
(18, 346),
(77, 394),
(84, 868),
(72, 867),
(85, 388),
(36, 614),
(66, 184),
(27, 634),
(92, 178),
(102, 761),
(12, 630),
(53, 494),
(22, 391),
(94, 335),
(101, 288),
(90, 383),
(16, 592),
(77, 646),
(45, 577),
(109, 803),
(42, 234),
(23, 375),
(56, 593),
(34, 165),
(34, 834),
(48, 514),
(88, 437),
(67, 519),
(49, 773),
(67, 582),
(58, 59),
(32, 670),
(77, 689),
(107, 623),
(82, 600),
(100, 387),
(102, 300),
(30, 497),
(47, 309),
(15, 284),
(71, 82),
(1, 341),
(72, 601),
(25, 374),
(19, 263),
(55, 291),
(2, 706),
(32, 533),
(44, 951),
(16, 818),
(76, 2),
(95, 356),
(108, 399),
(92, 246),
(16, 120),
(78, 107),
(76, 800),
(11, 404),
(27, 162),
(84, 742),
(18, 924),
(57, 312),
(24, 849),
(84, 191),
(40, 641),
(65, 478),
(83, 336),
(93, 510),
(45, 195),
(97, 222),
(31, 44),
(22, 390),
(70, 570),
(43, 1002),
(14, 711),
(72, 241),
(5, 450),
(21, 701),
(4, 452),
(68, 912),
(49, 651),
(3, 425),
(50, 783),
(93, 543),
(9, 928),
(34, 183),
(35, 587),
(111, 392),
(41, 538),
(71, 460),
(47, 638),
(99, 416),
(18, 84),
(100, 695);

-- --------------------------------------------------------

--
-- Table structure for table `bicycle_info`
--

CREATE TABLE `bicycle_info` (
  `id` int(10) NOT NULL,
  `name` varchar(100) CHARACTER SET utf8 COLLATE utf8_bin NOT NULL,
  `brand_id` int(10) NOT NULL,
  `type_id` int(10) NOT NULL,
  `gear_number` int(1) NOT NULL,
  `wheel_size` int(2) NOT NULL,
  `rent_price_hour` decimal(10,0) NOT NULL,
  `rent_discount_hour` int(2) NOT NULL,
  `rent_discount_percent` int(2) NOT NULL
) ENGINE=InnoDB DEFAULT CHARSET=latin1;

--
-- Dumping data for table `bicycle_info`
--

INSERT INTO `bicycle_info` (`id`, `name`, `brand_id`, `type_id`, `gear_number`, `wheel_size`, `rent_price_hour`, `rent_discount_hour`, `rent_discount_percent`) VALUES
(1, '520', 1, 2, 9, 26, '200', 10, 10),
(2, 'Shift 2', 1, 3, 7, 26, '150', 10, 10),
(3, 'Madone 9.9', 1, 1, 11, 27, '250', 5, 10),
(4, 'Transonic SL', 2, 1, 11, 27, '300', 6, 10),
(5, 'Rakan 29 1.5', 2, 4, 10, 29, '300', 5, 15),
(6, 'Absolute 2.1', 2, 3, 8, 27, '200', 3, 10),
(7, 'Intenso Ultegra', 3, 1, 11, 27, '320', 5, 15),
(8, 'Kuma 29.2 Acera/Altus 3x9', 3, 4, 9, 29, '300', 9, 15),
(9, 'Pista', 3, 2, 1, 27, '150', 4, 5),
(10, 'Cypress', 4, 3, 7, 27, '100', 10, 15),
(11, 'FastRoad CoMax', 4, 1, 10, 27, '400', 10, 10),
(12, 'AnyRoad', 4, 4, 9, 27, '260', 10, 15),
(13, 'S-Works Stumpjumper Di2', 5, 4, 11, 29, '300', 6, 10),
(14, 'Venge Expert', 5, 1, 11, 27, '250', 7, 10),
(15, 'P.Slope', 5, 5, 1, 26, '200', 6, 15),
(16, 'Dynamite RF', 6, 4, 1, 27, '350', 9, 15),
(17, 'Wayfinder', 6, 3, 7, 26, '200', 5, 5),
(18, 'Popular DX', 6, 3, 1, 27, '150', 6, 10),
(19, 'Deadwood X9', 7, 2, 1, 29, '300', 4, 5),
(20, 'Warbird Carbon', 7, 1, 11, 27, '300', 4, 10),
(21, 'Spearfish 2', 7, 4, 11, 29, '300', 5, 10),
(22, 'R2', 8, 1, 11, 27, '350', 4, 10),
(23, 'S3', 8, 2, 11, 27, '200', 7, 20),
(24, 'P5', 8, 2, 11, 27, '400', 5, 15),
(25, 'jopo', 9, 3, 1, 24, '100', 10, 20),
(26, 'XS-1', 9, 4, 24, 26, '250', 7, 10),
(27, 'Ainotar', 9, 3, 3, 28, '150', 5, 15),
(28, 'Supersix EVO', 10, 1, 11, 27, '400', 6, 5),
(29, 'Jekyll 27.5', 10, 4, 1, 29, '300', 6, 10),
(30, 'Contro', 10, 3, 7, 27, '200', 4, 10),
(31, 'Enim.', 75, 2, 16, 20, '212', 10, 9),
(32, 'Amet.', 42, 4, 9, 29, '333', 6, 10),
(33, 'Viverra.', 62, 5, 12, 25, '476', 4, 5),
(34, 'Neque.', 79, 5, 5, 25, '225', 7, 12),
(35, 'Dis.', 54, 4, 23, 21, '372', 8, 19),
(36, 'Venenatis.', 97, 3, 13, 25, '115', 10, 13),
(37, 'Metus!', 37, 1, 25, 25, '495', 9, 21),
(38, 'Cum?', 13, 2, 1, 26, '458', 7, 9),
(39, 'Nisi.', 52, 4, 11, 21, '139', 7, 6),
(40, 'Quis.', 35, 4, 8, 26, '298', 4, 22),
(41, 'Tellus.', 86, 5, 9, 28, '210', 5, 20),
(42, 'Pretium?', 96, 1, 22, 21, '396', 10, 7),
(43, 'Egestas.', 11, 5, 26, 22, '104', 8, 21),
(44, 'Elementum.', 15, 1, 21, 20, '159', 7, 16),
(45, 'Dignissim?', 51, 3, 21, 21, '112', 6, 7),
(46, 'Senectus.', 27, 3, 14, 28, '499', 4, 7),
(47, 'Nullam.', 8, 4, 5, 25, '213', 8, 20),
(48, 'Platea.', 82, 3, 6, 29, '280', 9, 19),
(49, 'Tortor.', 90, 4, 24, 23, '148', 5, 14),
(50, 'Taciti.', 85, 4, 10, 29, '258', 8, 14),
(51, 'Natoque.', 60, 5, 17, 20, '480', 10, 11),
(52, 'Diam.', 28, 3, 17, 29, '211', 8, 20),
(53, 'Felis!', 60, 1, 16, 22, '383', 8, 12),
(54, 'Proin.', 16, 5, 9, 23, '211', 5, 22),
(55, 'Erat!', 17, 4, 10, 28, '479', 7, 17),
(56, 'Morbi.', 39, 1, 25, 29, '242', 7, 11),
(57, 'Convallis.', 64, 1, 12, 23, '118', 9, 13),
(58, 'Hac.', 60, 5, 21, 27, '373', 10, 11),
(59, 'Bibendum.', 16, 3, 7, 28, '231', 8, 22),
(60, 'Lacinia.', 86, 3, 17, 22, '344', 6, 11),
(61, 'In!', 16, 1, 9, 29, '313', 7, 9),
(62, 'Curabitur?', 66, 4, 16, 21, '266', 6, 19),
(63, 'Mattis.', 83, 2, 25, 23, '366', 7, 10),
(64, 'Praesent.', 85, 1, 6, 30, '472', 9, 23),
(65, 'Ligula.', 94, 3, 6, 23, '145', 5, 16),
(66, 'Phasellus.', 42, 5, 9, 29, '269', 7, 18),
(67, 'Viverra.', 43, 5, 19, 23, '499', 7, 8),
(68, 'Torquent.', 78, 3, 2, 23, '409', 4, 14),
(69, 'Blandit.', 17, 1, 7, 28, '485', 7, 12),
(70, 'Phasellus.', 97, 2, 21, 22, '284', 9, 15),
(71, 'At.', 8, 4, 26, 28, '209', 8, 6),
(72, 'Pharetra.', 21, 4, 23, 24, '410', 9, 22),
(73, 'Ipsum.', 20, 4, 6, 25, '402', 5, 13),
(74, 'Senectus.', 19, 1, 16, 26, '182', 7, 22),
(75, 'Amet.', 7, 4, 6, 25, '248', 5, 9),
(76, 'Libero.', 96, 4, 7, 23, '270', 9, 8),
(77, 'Ullamcorper.', 37, 4, 9, 26, '152', 8, 10),
(78, 'A.', 13, 2, 7, 30, '371', 5, 5),
(79, 'Elit!', 23, 2, 6, 22, '413', 10, 19),
(80, 'Potenti.', 55, 1, 7, 29, '317', 8, 5),
(81, 'Justo!', 76, 3, 1, 20, '406', 8, 20),
(82, 'Parturient?', 98, 3, 4, 28, '470', 5, 5),
(83, 'Condimentum!', 43, 3, 25, 30, '358', 8, 23),
(84, 'Class?', 87, 4, 14, 28, '141', 5, 7),
(85, 'Inceptos.', 17, 1, 13, 29, '207', 8, 9),
(86, 'Ridiculus!', 9, 3, 18, 24, '306', 9, 21),
(87, 'Dignissim!', 90, 4, 24, 24, '169', 8, 17),
(88, 'Commodo.', 35, 4, 9, 27, '347', 9, 10),
(89, 'Et.', 39, 1, 9, 29, '176', 8, 17),
(90, 'Imperdiet.', 74, 2, 19, 29, '294', 7, 10),
(91, 'Ultrices.', 83, 4, 25, 30, '368', 5, 5),
(92, 'Placerat.', 12, 2, 6, 25, '472', 7, 22),
(93, 'Metus.', 31, 3, 15, 28, '447', 7, 17),
(94, 'Tristique.', 62, 4, 2, 22, '445', 4, 16),
(95, 'Potenti.', 73, 4, 14, 26, '133', 6, 17),
(96, 'Amet.', 6, 3, 22, 27, '111', 7, 23),
(97, 'Curae,.', 74, 3, 14, 25, '202', 5, 13),
(98, 'Curabitur.', 44, 1, 15, 27, '476', 7, 9),
(99, 'Dapibus.', 34, 3, 5, 26, '320', 9, 12),
(100, 'Commodo.', 42, 2, 25, 24, '477', 8, 22),
(101, 'Risus.', 66, 4, 25, 20, '384', 9, 10),
(102, 'Eros.', 43, 4, 26, 26, '473', 9, 12),
(103, 'Lorem.', 20, 3, 11, 20, '384', 7, 14),
(104, 'Eu!', 95, 1, 13, 23, '299', 7, 21),
(105, 'Feugiat?', 56, 4, 21, 28, '363', 7, 12),
(106, 'Placerat.', 37, 4, 25, 21, '314', 5, 7),
(107, 'Mauris.', 84, 3, 13, 24, '277', 10, 9),
(108, 'Dolor.', 8, 4, 22, 30, '164', 4, 20),
(109, 'Sodales.', 64, 5, 7, 22, '213', 10, 23),
(110, 'Potenti.', 30, 4, 20, 22, '266', 7, 10),
(111, 'Adipiscing?', 57, 3, 13, 27, '464', 5, 18),
(112, 'Primis.', 70, 4, 20, 28, '442', 7, 14),
(113, 'Sit.', 64, 4, 17, 28, '453', 7, 15),
(114, 'Viverra?', 76, 4, 25, 23, '120', 4, 19),
(115, 'Auctor.', 99, 3, 13, 24, '245', 4, 11),
(116, 'Odio.', 74, 4, 11, 23, '293', 5, 19),
(117, 'Senectus.', 74, 2, 20, 27, '102', 8, 16),
(118, 'Aliquam.', 20, 4, 21, 27, '379', 8, 8),
(119, 'Vivamus.', 44, 3, 7, 21, '394', 10, 21),
(120, 'Placerat.', 97, 4, 6, 27, '197', 9, 13),
(121, 'Id.', 91, 2, 12, 24, '394', 9, 19),
(122, 'Est.', 82, 1, 2, 25, '104', 4, 13),
(123, 'Netus.', 38, 5, 2, 22, '103', 5, 11),
(124, 'Felis.', 59, 5, 25, 20, '403', 4, 9),
(125, 'Augue.', 67, 4, 20, 26, '178', 4, 9),
(126, 'Sociosqu.', 65, 1, 17, 22, '249', 5, 15),
(127, 'Vivamus.', 35, 1, 16, 26, '250', 9, 17),
(128, 'Magnis.', 23, 2, 10, 26, '387', 5, 10),
(129, 'Accumsan.', 30, 2, 20, 23, '224', 7, 9),
(130, 'Pulvinar.', 97, 2, 14, 21, '193', 10, 23),
(131, 'Ultrices.', 43, 2, 2, 24, '392', 8, 10),
(132, 'At.', 2, 1, 25, 27, '496', 5, 25),
(133, 'Dolor.', 44, 1, 6, 26, '218', 7, 19),
(134, 'Elit.', 89, 3, 5, 22, '223', 5, 10),
(135, 'Suspendisse.', 51, 4, 3, 25, '414', 9, 11),
(136, 'Vivamus.', 17, 4, 24, 21, '114', 7, 16),
(137, 'Fusce.', 93, 2, 8, 24, '216', 8, 15),
(138, 'Magnis?', 9, 3, 12, 27, '373', 7, 12),
(139, 'Fusce.', 50, 4, 11, 23, '376', 8, 16),
(140, 'Quis.', 54, 3, 15, 30, '124', 7, 21),
(141, 'Justo.', 55, 2, 20, 29, '331', 6, 7),
(142, 'Lacus.', 45, 3, 27, 23, '287', 10, 9),
(143, 'Mauris.', 4, 3, 10, 21, '338', 7, 23),
(144, 'Est.', 33, 2, 24, 22, '213', 6, 22),
(145, 'Mus?', 52, 3, 25, 27, '206', 7, 14),
(146, 'Lectus.', 18, 5, 11, 29, '445', 6, 8),
(147, 'Rutrum.', 85, 4, 13, 28, '450', 6, 17),
(148, 'Tortor.', 65, 2, 13, 28, '363', 5, 6),
(149, 'Himenaeos?', 37, 5, 21, 27, '408', 7, 7),
(150, 'Non.', 70, 4, 6, 22, '265', 4, 20),
(151, 'Ultricies?', 47, 5, 6, 27, '463', 9, 18),
(152, 'Sapien.', 47, 2, 25, 24, '203', 9, 18),
(153, 'Mattis.', 8, 2, 18, 28, '238', 7, 8),
(154, 'Pellentesque.', 20, 3, 2, 26, '244', 6, 19),
(155, 'Sit.', 26, 5, 20, 21, '484', 9, 17),
(156, 'Hac?', 71, 3, 1, 26, '256', 9, 19),
(157, 'Sed.', 98, 4, 14, 25, '421', 9, 13),
(158, 'Platea.', 66, 3, 15, 24, '414', 5, 23),
(159, 'Tempor.', 90, 5, 8, 29, '219', 9, 18),
(160, 'Orci.', 24, 2, 10, 25, '242', 10, 13),
(161, 'Ac.', 63, 4, 17, 22, '457', 5, 24),
(162, 'Condimentum.', 67, 3, 2, 22, '273', 7, 13),
(163, 'Dis.', 64, 2, 11, 22, '432', 4, 18),
(164, 'Nec.', 62, 5, 15, 28, '308', 5, 20),
(165, 'Tempor.', 42, 4, 1, 25, '172', 10, 18),
(166, 'Montes.', 87, 2, 20, 27, '376', 6, 16),
(167, 'Leo.', 54, 3, 12, 22, '309', 6, 15),
(168, 'Sed.', 26, 2, 3, 27, '183', 9, 12),
(169, 'Tempus!', 48, 1, 17, 26, '492', 6, 17),
(170, 'Primis.', 88, 2, 1, 29, '266', 9, 6),
(171, 'Vel.', 85, 3, 16, 24, '281', 6, 11),
(172, 'Ipsum.', 81, 4, 14, 27, '334', 7, 6),
(173, 'Placerat.', 13, 1, 14, 23, '392', 6, 8),
(174, 'Augue.', 46, 4, 6, 23, '442', 9, 16),
(175, 'Imperdiet.', 36, 5, 27, 25, '412', 5, 10),
(176, 'Eu.', 39, 4, 10, 25, '279', 5, 21),
(177, 'Ridiculus.', 2, 3, 16, 24, '257', 9, 11),
(178, 'Felis!', 89, 5, 9, 23, '465', 5, 11),
(179, 'Etiam.', 41, 5, 15, 26, '491', 9, 14),
(180, 'Nascetur.', 16, 2, 23, 25, '299', 8, 20),
(181, 'Platea.', 94, 5, 14, 21, '354', 8, 9),
(182, 'Eu.', 60, 4, 3, 28, '376', 6, 19),
(183, 'Malesuada.', 24, 5, 10, 20, '282', 8, 24),
(184, 'Lacinia.', 74, 4, 7, 24, '230', 10, 8),
(185, 'Porta.', 25, 5, 25, 29, '208', 9, 7),
(186, 'Mattis?', 60, 3, 15, 26, '121', 7, 11),
(187, 'Fringilla.', 56, 4, 9, 21, '201', 8, 12),
(188, 'Morbi.', 69, 2, 17, 27, '463', 7, 20),
(189, 'Habitant.', 68, 4, 10, 24, '107', 7, 24),
(190, 'Facilisi.', 94, 3, 3, 25, '340', 9, 9),
(191, 'Malesuada.', 81, 4, 2, 28, '389', 5, 18),
(192, 'Parturient.', 81, 4, 22, 25, '134', 5, 10),
(193, 'Molestie?', 70, 4, 16, 25, '400', 4, 10),
(194, 'Hendrerit.', 60, 5, 5, 29, '207', 4, 25),
(195, 'Metus.', 9, 3, 5, 23, '139', 4, 14),
(196, 'Scelerisque.', 57, 2, 22, 28, '459', 9, 9),
(197, 'Interdum.', 5, 4, 17, 28, '311', 6, 9),
(198, 'Eu.', 60, 4, 17, 27, '173', 6, 7),
(199, 'Magnis.', 77, 2, 9, 24, '280', 9, 18),
(200, 'Quis.', 66, 2, 13, 28, '227', 6, 24),
(201, 'Ultricies.', 7, 2, 7, 26, '162', 7, 16),
(202, 'Facilisi.', 65, 5, 6, 25, '253', 7, 8),
(203, 'Erat!', 85, 5, 24, 28, '125', 7, 19),
(204, 'Egestas.', 33, 4, 2, 22, '228', 10, 21),
(205, 'Varius?', 71, 5, 23, 28, '346', 8, 8),
(206, 'Odio.', 82, 4, 2, 30, '175', 6, 24),
(207, 'Eu!', 53, 2, 14, 22, '196', 6, 19),
(208, 'Aliquam.', 7, 3, 10, 29, '369', 9, 21),
(209, 'Class.', 96, 3, 18, 28, '347', 5, 13),
(210, 'Habitasse.', 86, 2, 13, 26, '493', 6, 11),
(211, 'Nam?', 83, 2, 4, 25, '303', 8, 15),
(212, 'Dui.', 46, 5, 11, 25, '235', 6, 24),
(213, 'Tempor.', 65, 5, 11, 25, '304', 10, 16),
(214, 'Porttitor.', 57, 2, 15, 24, '240', 6, 13),
(215, 'Libero.', 30, 2, 13, 26, '349', 8, 22),
(216, 'Mi.', 19, 1, 12, 25, '362', 4, 7),
(217, 'Ipsum.', 65, 2, 8, 28, '179', 6, 13),
(218, 'Maecenas.', 99, 2, 23, 25, '216', 4, 15),
(219, 'Posuere.', 15, 5, 4, 24, '181', 5, 15),
(220, 'Pharetra.', 3, 1, 11, 28, '481', 9, 9),
(221, 'Et?', 2, 5, 20, 28, '128', 7, 19),
(222, 'Mauris.', 46, 2, 3, 28, '287', 6, 13),
(223, 'Cum.', 16, 2, 17, 26, '357', 4, 12),
(224, 'Commodo.', 98, 2, 12, 20, '273', 5, 24),
(225, 'Lacinia.', 45, 4, 10, 26, '437', 10, 7),
(226, 'Metus.', 50, 4, 21, 29, '144', 9, 24),
(227, 'At.', 49, 4, 25, 29, '426', 7, 15),
(228, 'Blandit.', 62, 4, 18, 21, '351', 6, 22),
(229, 'Rhoncus.', 16, 4, 13, 25, '498', 9, 18),
(230, 'Tristique?', 85, 4, 11, 27, '245', 6, 21),
(231, 'Diam.', 56, 4, 3, 24, '267', 10, 8),
(232, 'Quam.', 54, 4, 13, 25, '430', 8, 13),
(233, 'Dignissim.', 44, 1, 11, 27, '413', 6, 19),
(234, 'Pharetra.', 13, 1, 22, 20, '304', 5, 8),
(235, 'Venenatis.', 79, 2, 11, 27, '489', 9, 15),
(236, 'Hac.', 6, 4, 19, 28, '203', 5, 15),
(237, 'Nullam.', 73, 4, 15, 30, '144', 5, 9),
(238, 'Dapibus.', 5, 3, 21, 21, '325', 9, 15),
(239, 'Dolor.', 35, 2, 12, 24, '268', 9, 13),
(240, 'Habitant.', 99, 3, 12, 30, '464', 9, 19),
(241, 'Conubia.', 36, 3, 2, 27, '175', 6, 16),
(242, 'Phasellus.', 31, 2, 18, 27, '219', 7, 20),
(243, 'Ut.', 5, 3, 7, 26, '404', 9, 8),
(244, 'Cubilia.', 40, 3, 9, 25, '135', 4, 13),
(245, 'Tempus.', 84, 1, 15, 26, '374', 7, 14),
(246, 'Convallis!', 87, 2, 5, 20, '443', 5, 15),
(247, 'Aliquam!', 34, 5, 21, 23, '303', 5, 11),
(248, 'Quisque.', 78, 1, 4, 28, '479', 8, 14),
(249, 'Sodales.', 12, 2, 24, 27, '180', 5, 17),
(250, 'Hac.', 59, 3, 17, 28, '298', 8, 8),
(251, 'Sit.', 79, 2, 26, 21, '440', 9, 21),
(252, 'Ornare.', 47, 3, 3, 22, '246', 6, 20),
(253, 'Netus.', 61, 4, 18, 28, '103', 9, 12),
(254, 'Ante.', 15, 4, 25, 28, '133', 4, 19),
(255, 'Lobortis.', 90, 2, 25, 23, '490', 7, 11),
(256, 'Eu.', 30, 2, 7, 30, '313', 8, 23),
(257, 'Suscipit!', 14, 1, 13, 28, '368', 6, 12),
(258, 'Interdum.', 78, 1, 4, 28, '234', 10, 10),
(259, 'Nostra?', 49, 4, 20, 22, '357', 7, 9),
(260, 'A.', 75, 5, 6, 27, '418', 10, 19),
(261, 'Curae,?', 82, 3, 19, 29, '364', 9, 21),
(262, 'Eget.', 76, 4, 26, 23, '403', 9, 7),
(263, 'Quam.', 24, 5, 14, 30, '175', 8, 9),
(264, 'Purus.', 30, 5, 3, 25, '172', 6, 17),
(265, 'Duis.', 42, 1, 13, 26, '163', 10, 10),
(266, 'Metus.', 70, 1, 5, 21, '306', 7, 23),
(267, 'Cum.', 79, 3, 26, 25, '119', 10, 9),
(268, 'Facilisi?', 40, 3, 24, 29, '145', 9, 22),
(269, 'A!', 37, 5, 22, 29, '196', 9, 24),
(270, 'Hac.', 36, 3, 21, 24, '283', 6, 17),
(271, 'Libero.', 12, 3, 22, 21, '312', 4, 13),
(272, 'Dictumst.', 52, 4, 21, 24, '402', 8, 8),
(273, 'Platea.', 23, 3, 2, 29, '141', 10, 13),
(274, 'Risus.', 62, 3, 24, 20, '379', 5, 17),
(275, 'Sociis.', 68, 1, 2, 27, '450', 5, 13),
(276, 'Diam.', 73, 3, 4, 28, '219', 4, 16),
(277, 'Pellentesque.', 76, 2, 8, 27, '288', 9, 9),
(278, 'Tellus?', 86, 2, 7, 26, '104', 5, 24),
(279, 'Enim?', 40, 3, 18, 30, '391', 5, 16),
(280, 'Augue.', 48, 4, 19, 26, '283', 8, 21),
(281, 'Dolor.', 64, 3, 5, 30, '173', 8, 14),
(282, 'Dictum.', 79, 2, 6, 23, '308', 9, 16),
(283, 'Mattis?', 67, 1, 15, 26, '462', 9, 10),
(284, 'Consectetur.', 48, 5, 9, 26, '217', 8, 15),
(285, 'Himenaeos.', 78, 3, 6, 27, '467', 8, 13),
(286, 'Phasellus.', 41, 2, 13, 24, '470', 6, 11),
(287, 'Erat.', 64, 1, 6, 23, '423', 5, 21),
(288, 'Orci.', 30, 4, 5, 26, '204', 8, 24),
(289, 'Platea.', 35, 4, 27, 26, '204', 6, 19),
(290, 'Pharetra.', 64, 5, 12, 24, '338', 5, 21),
(291, 'Turpis.', 70, 4, 6, 29, '144', 4, 10),
(292, 'Nunc.', 67, 1, 21, 28, '195', 7, 19),
(293, 'Urna!', 16, 4, 24, 29, '415', 5, 8),
(294, 'Imperdiet.', 35, 4, 11, 21, '366', 7, 10),
(295, 'Parturient.', 44, 4, 17, 24, '185', 9, 12),
(296, 'Facilisis.', 10, 5, 6, 23, '111', 5, 20),
(297, 'Nisl.', 55, 2, 21, 26, '282', 5, 17),
(298, 'Inceptos.', 62, 3, 12, 29, '202', 4, 24),
(299, 'Id.', 47, 1, 24, 22, '355', 7, 11),
(300, 'Aliquam?', 78, 1, 5, 29, '323', 8, 21),
(301, 'Dignissim!', 89, 3, 24, 22, '305', 8, 11),
(302, 'Mus.', 31, 2, 21, 29, '345', 5, 19),
(303, 'Vehicula.', 47, 4, 10, 26, '458', 9, 9),
(304, 'Cum.', 30, 4, 19, 21, '386', 6, 12),
(305, 'Pellentesque.', 78, 5, 6, 22, '193', 4, 7),
(306, 'Vel.', 60, 3, 18, 26, '111', 7, 9),
(307, 'Gravida.', 17, 5, 2, 26, '289', 8, 23),
(308, 'Nec?', 76, 3, 17, 21, '277', 4, 20),
(309, 'Imperdiet.', 42, 3, 11, 26, '135', 7, 12),
(310, 'Dictumst?', 69, 4, 9, 28, '448', 5, 22),
(311, 'Potenti.', 34, 4, 7, 29, '235', 4, 6),
(312, 'Diam.', 83, 4, 23, 28, '232', 6, 24),
(313, 'Dictumst.', 100, 1, 1, 28, '317', 5, 22),
(314, 'Iaculis.', 47, 5, 26, 22, '148', 9, 17),
(315, 'Sem.', 2, 1, 21, 28, '473', 10, 15),
(316, 'Mauris!', 86, 3, 27, 23, '320', 5, 25),
(317, 'Nec.', 92, 4, 26, 21, '249', 6, 24),
(318, 'Commodo.', 93, 1, 26, 28, '209', 9, 20),
(319, 'Pharetra!', 58, 3, 9, 26, '443', 5, 12),
(320, 'Aliquet.', 18, 4, 16, 29, '349', 6, 19),
(321, 'Fermentum.', 27, 2, 8, 23, '266', 7, 6),
(322, 'Accumsan.', 34, 2, 7, 28, '238', 6, 17),
(323, 'Litora.', 100, 3, 13, 30, '256', 8, 20),
(324, 'Pharetra.', 46, 1, 6, 24, '481', 5, 21),
(325, 'Fames.', 40, 2, 12, 25, '441', 6, 21),
(326, 'Aliquam.', 38, 5, 4, 20, '184', 5, 16),
(327, 'Tincidunt.', 64, 2, 15, 29, '373', 6, 18),
(328, 'Tortor.', 57, 5, 13, 29, '363', 8, 10),
(329, 'Natoque.', 87, 3, 7, 24, '315', 5, 17),
(330, 'Porta.', 29, 2, 6, 26, '224', 10, 15),
(331, 'Dictum.', 72, 5, 11, 30, '455', 6, 10),
(332, 'Sapien.', 35, 3, 4, 23, '379', 8, 8),
(333, 'Euismod.', 30, 3, 23, 23, '303', 9, 24),
(334, 'Fringilla.', 71, 4, 15, 20, '159', 4, 20),
(335, 'Odio.', 53, 3, 3, 27, '324', 6, 20),
(336, 'Ut.', 2, 3, 12, 29, '385', 10, 8),
(337, 'Conubia.', 81, 2, 1, 28, '374', 5, 10),
(338, 'Torquent.', 85, 5, 20, 28, '421', 9, 23),
(339, 'Odio.', 21, 2, 7, 28, '311', 6, 8),
(340, 'Facilisis.', 12, 4, 5, 26, '289', 6, 21),
(341, 'Vitae.', 83, 4, 5, 22, '432', 10, 19),
(342, 'Tristique.', 30, 2, 21, 23, '482', 4, 9),
(343, 'At?', 48, 2, 18, 27, '491', 8, 14),
(344, 'Molestie.', 81, 5, 12, 21, '170', 4, 7),
(345, 'Sociis.', 77, 4, 16, 27, '145', 5, 23),
(346, 'Orci.', 49, 1, 4, 28, '368', 4, 12),
(347, 'Suscipit.', 18, 4, 25, 29, '422', 8, 18),
(348, 'Ipsum.', 61, 4, 10, 22, '189', 9, 24),
(349, 'Dapibus.', 34, 1, 4, 23, '165', 9, 9),
(350, 'Lectus.', 71, 1, 15, 27, '276', 7, 12),
(351, 'Curae,.', 84, 4, 11, 27, '185', 7, 9),
(352, 'Bibendum.', 67, 1, 11, 24, '263', 10, 10),
(353, 'Tempus?', 19, 5, 5, 25, '182', 8, 10),
(354, 'Senectus.', 73, 4, 8, 25, '353', 10, 11),
(355, 'Eu.', 9, 1, 21, 29, '219', 6, 19),
(356, 'Vulputate.', 56, 3, 3, 25, '414', 6, 22),
(357, 'Ipsum.', 18, 3, 23, 21, '425', 9, 9),
(358, 'Placerat.', 48, 5, 25, 22, '364', 4, 20),
(359, 'Potenti.', 2, 2, 20, 26, '421', 5, 17),
(360, 'Per.', 81, 2, 7, 28, '384', 8, 9),
(361, 'Auctor.', 4, 3, 3, 20, '499', 10, 16),
(362, 'Nunc.', 91, 4, 8, 26, '435', 6, 13),
(363, 'Curae,.', 88, 2, 18, 20, '228', 5, 8),
(364, 'Maecenas?', 99, 4, 11, 20, '427', 9, 11),
(365, 'Dolor.', 16, 1, 8, 25, '380', 7, 16),
(366, 'Euismod.', 79, 4, 23, 22, '477', 7, 21),
(367, 'Porta.', 29, 5, 21, 30, '157', 5, 15),
(368, 'Vivamus.', 52, 2, 6, 21, '445', 10, 8),
(369, 'Aliquet.', 33, 4, 14, 20, '268', 5, 12),
(370, 'Dui.', 48, 1, 3, 27, '142', 10, 14),
(371, 'Pharetra.', 42, 4, 20, 30, '301', 7, 24),
(372, 'Rutrum.', 86, 5, 11, 26, '340', 8, 22),
(373, 'Id.', 40, 5, 6, 26, '282', 6, 7),
(374, 'Urna?', 56, 1, 21, 25, '368', 4, 13),
(375, 'Commodo.', 62, 2, 7, 20, '221', 5, 18),
(376, 'Nullam.', 93, 4, 15, 21, '460', 7, 8),
(377, 'Molestie.', 52, 3, 24, 20, '233', 6, 24),
(378, 'Litora.', 40, 4, 20, 25, '151', 5, 20),
(379, 'Justo.', 80, 2, 13, 25, '258', 10, 13),
(380, 'Elit.', 10, 2, 20, 25, '313', 6, 7),
(381, 'Interdum.', 17, 2, 7, 27, '192', 8, 25),
(382, 'Quam.', 28, 2, 9, 29, '209', 8, 23),
(383, 'Urna.', 93, 1, 23, 22, '216', 6, 9),
(384, 'Dui.', 26, 5, 25, 26, '125', 9, 22),
(385, 'Interdum.', 33, 3, 11, 20, '378', 7, 22),
(386, 'Diam!', 18, 2, 13, 21, '147', 5, 5),
(387, 'Dignissim.', 21, 1, 2, 29, '317', 6, 14),
(388, 'Lobortis!', 99, 1, 17, 21, '236', 7, 14),
(389, 'Orci.', 10, 2, 12, 20, '353', 9, 11),
(390, 'Class.', 46, 4, 26, 22, '493', 10, 7),
(391, 'Proin!', 50, 5, 8, 26, '235', 10, 17),
(392, 'Pulvinar.', 61, 3, 19, 23, '149', 6, 13),
(393, 'Elementum?', 64, 3, 17, 27, '290', 7, 17),
(394, 'Lacinia.', 43, 4, 25, 21, '364', 7, 17),
(395, 'Commodo.', 4, 5, 2, 24, '358', 8, 8),
(396, 'Himenaeos?', 64, 4, 23, 23, '240', 10, 6),
(397, 'Himenaeos.', 76, 1, 24, 21, '323', 5, 15),
(398, 'Placerat.', 57, 2, 14, 30, '203', 5, 24),
(399, 'Tempor.', 21, 3, 9, 24, '470', 5, 11),
(400, 'Nunc?', 5, 3, 12, 22, '294', 9, 11),
(401, 'Leo.', 48, 2, 16, 21, '147', 6, 24),
(402, 'Imperdiet.', 6, 5, 25, 24, '399', 7, 24),
(403, 'Torquent.', 24, 4, 11, 27, '395', 9, 8),
(404, 'Aenean.', 81, 4, 20, 21, '245', 6, 9),
(405, 'Amet.', 62, 2, 27, 23, '431', 7, 24),
(406, 'Ultricies.', 85, 2, 15, 28, '499', 5, 9),
(407, 'Tortor.', 14, 3, 3, 25, '354', 6, 19),
(408, 'At.', 62, 3, 24, 30, '409', 6, 8),
(409, 'Conubia.', 26, 3, 24, 25, '371', 6, 12),
(410, 'Accumsan.', 49, 5, 21, 30, '204', 5, 14),
(411, 'Mattis.', 31, 1, 14, 23, '307', 9, 12),
(412, 'Et.', 43, 4, 15, 26, '475', 7, 9),
(413, 'Pretium.', 67, 2, 22, 26, '459', 7, 16),
(414, 'Nunc?', 32, 4, 17, 23, '466', 9, 20),
(415, 'Tristique.', 53, 3, 6, 23, '131', 5, 24),
(416, 'Dui.', 60, 2, 17, 22, '435', 6, 12),
(417, 'Imperdiet.', 80, 2, 7, 23, '482', 5, 7),
(418, 'Imperdiet.', 49, 1, 9, 28, '245', 7, 10),
(419, 'Potenti.', 28, 3, 19, 24, '197', 7, 16),
(420, 'Porttitor.', 77, 2, 13, 30, '159', 5, 5),
(421, 'Proin.', 52, 3, 4, 25, '122', 7, 22),
(422, 'Sollicitudin.', 89, 4, 4, 22, '363', 5, 9),
(423, 'Nascetur.', 7, 3, 20, 28, '259', 9, 16),
(424, 'Sem.', 93, 4, 13, 25, '233', 8, 14),
(425, 'Mattis.', 79, 4, 17, 25, '182', 5, 14),
(426, 'Nisi.', 53, 4, 5, 22, '341', 10, 15),
(427, 'Erat.', 62, 2, 17, 28, '431', 6, 17),
(428, 'Hac!', 76, 4, 2, 21, '147', 5, 23),
(429, 'Cubilia.', 47, 5, 19, 21, '449', 5, 24),
(430, 'Sagittis.', 55, 3, 21, 27, '343', 8, 12),
(431, 'Id.', 16, 5, 17, 22, '183', 7, 14),
(432, 'Feugiat.', 79, 2, 10, 23, '243', 10, 18),
(433, 'Risus.', 67, 2, 20, 21, '216', 5, 19),
(434, 'Elit!', 76, 3, 9, 28, '370', 5, 6),
(435, 'Eu.', 10, 4, 2, 21, '127', 9, 19),
(436, 'Facilisi.', 10, 2, 23, 21, '460', 5, 21),
(437, 'Convallis!', 98, 4, 2, 26, '429', 8, 12),
(438, 'Fermentum.', 69, 2, 23, 30, '274', 10, 23),
(439, 'Sed.', 52, 4, 25, 26, '455', 8, 10),
(440, 'Dolor.', 81, 2, 9, 20, '407', 8, 12),
(441, 'Ridiculus.', 16, 2, 26, 25, '237', 4, 8),
(442, 'Odio!', 1, 4, 25, 23, '142', 7, 6),
(443, 'Pulvinar?', 64, 3, 13, 29, '150', 9, 14),
(444, 'Dictumst.', 11, 5, 6, 29, '300', 4, 14),
(445, 'Vehicula.', 71, 3, 25, 26, '227', 5, 19),
(446, 'Convallis.', 38, 5, 16, 24, '415', 10, 25),
(447, 'Massa.', 46, 3, 19, 22, '337', 5, 24),
(448, 'Erat.', 15, 1, 12, 24, '170', 7, 10),
(449, 'Massa.', 91, 5, 7, 27, '216', 9, 14),
(450, 'Elementum.', 33, 2, 7, 24, '243', 8, 8),
(451, 'Feugiat!', 10, 4, 24, 30, '372', 6, 8),
(452, 'Turpis!', 61, 2, 26, 23, '141', 7, 12),
(453, 'Lacus.', 63, 2, 23, 27, '349', 5, 9),
(454, 'Integer.', 2, 3, 18, 28, '396', 7, 12),
(455, 'Suscipit.', 37, 3, 26, 21, '293', 7, 24),
(456, 'Egestas.', 64, 1, 5, 27, '395', 9, 13),
(457, 'Integer?', 97, 2, 19, 22, '429', 5, 11),
(458, 'Vitae.', 13, 3, 10, 25, '137', 8, 6),
(459, 'Euismod?', 31, 4, 21, 24, '267', 10, 5),
(460, 'Eu.', 12, 3, 6, 20, '429', 9, 18),
(461, 'Id.', 31, 3, 25, 23, '236', 7, 24),
(462, 'Orci.', 60, 4, 2, 29, '455', 9, 18),
(463, 'Blandit!', 49, 2, 10, 28, '468', 5, 13),
(464, 'Tincidunt.', 74, 1, 20, 27, '198', 6, 11),
(465, 'Ornare?', 99, 5, 6, 29, '362', 6, 24),
(466, 'Mi.', 85, 1, 18, 23, '346', 9, 13),
(467, 'Justo.', 80, 3, 15, 24, '388', 9, 22),
(468, 'Aptent.', 2, 5, 18, 23, '306', 8, 17),
(469, 'Proin?', 21, 2, 6, 25, '287', 9, 9),
(470, 'Aenean.', 75, 2, 15, 22, '169', 10, 19),
(471, 'In.', 2, 1, 2, 29, '385', 7, 19),
(472, 'Curae,.', 82, 4, 21, 27, '151', 4, 24),
(473, 'Aliquet.', 53, 2, 9, 26, '165', 7, 10),
(474, 'Sem.', 66, 3, 27, 25, '377', 4, 18),
(475, 'Integer.', 20, 2, 19, 26, '400', 8, 22),
(476, 'Lacinia.', 90, 3, 16, 21, '294', 4, 25),
(477, 'Fusce.', 47, 3, 23, 25, '177', 6, 5),
(478, 'Placerat.', 93, 5, 23, 25, '439', 4, 23),
(479, 'Lectus.', 96, 5, 23, 29, '352', 8, 13),
(480, 'Mattis.', 14, 3, 24, 25, '241', 10, 16),
(481, 'Lorem.', 69, 4, 16, 28, '392', 5, 8),
(482, 'Lorem.', 71, 5, 18, 21, '220', 8, 7),
(483, 'Dolor.', 92, 3, 25, 26, '222', 6, 6),
(484, 'Maecenas?', 90, 4, 14, 25, '145', 8, 7),
(485, 'Elit.', 74, 2, 19, 22, '480', 5, 25),
(486, 'Natoque.', 72, 3, 23, 28, '170', 5, 9),
(487, 'Dui.', 49, 2, 10, 23, '403', 9, 19),
(488, 'Curae,.', 52, 4, 14, 29, '255', 7, 5),
(489, 'Sociis.', 10, 4, 24, 26, '265', 7, 24),
(490, 'Nisi.', 92, 4, 2, 26, '102', 10, 17),
(491, 'Hendrerit.', 7, 4, 6, 22, '144', 9, 20),
(492, 'Cubilia?', 76, 2, 21, 27, '405', 8, 24),
(493, 'Nostra.', 87, 3, 21, 22, '261', 7, 20),
(494, 'Vivamus.', 12, 2, 21, 25, '399', 8, 14),
(495, 'Placerat.', 47, 3, 15, 23, '282', 8, 10),
(496, 'Tempus!', 65, 2, 24, 22, '364', 6, 18),
(497, 'Tempor!', 85, 2, 3, 24, '399', 5, 16),
(498, 'Aptent.', 32, 2, 22, 27, '498', 7, 7),
(499, 'Dui.', 28, 2, 15, 25, '274', 5, 18),
(500, 'Purus.', 11, 4, 26, 28, '284', 9, 15),
(501, 'Aenean.', 58, 3, 2, 27, '238', 9, 7),
(502, 'Mi.', 5, 3, 18, 27, '318', 8, 15),
(503, 'Porta.', 57, 3, 20, 21, '471', 5, 15),
(504, 'Tortor?', 44, 5, 10, 30, '178', 7, 19),
(505, 'Nullam.', 98, 3, 25, 23, '420', 9, 14),
(506, 'Eleifend.', 37, 1, 2, 21, '103', 6, 12),
(507, 'Euismod.', 12, 2, 21, 28, '182', 5, 5),
(508, 'Massa.', 2, 1, 19, 29, '190', 7, 24),
(509, 'Ipsum.', 46, 1, 11, 22, '389', 10, 16),
(510, 'Phasellus.', 65, 3, 17, 29, '137', 9, 19),
(511, 'Molestie.', 22, 1, 7, 25, '385', 10, 21),
(512, 'Phasellus?', 69, 4, 6, 25, '246', 5, 13),
(513, 'Sociosqu.', 64, 2, 7, 21, '411', 5, 24),
(514, 'Ornare.', 85, 3, 23, 20, '352', 6, 16),
(515, 'Proin.', 29, 2, 22, 22, '498', 8, 12),
(516, 'Nisi.', 90, 5, 10, 28, '115', 5, 21),
(517, 'Penatibus.', 83, 2, 21, 26, '199', 6, 15),
(518, 'Dictum.', 100, 4, 7, 29, '240', 9, 10),
(519, 'Lacinia?', 7, 3, 6, 22, '342', 8, 22),
(520, 'Mi!', 44, 2, 13, 29, '475', 7, 11),
(521, 'Nulla.', 87, 3, 21, 21, '426', 10, 10),
(522, 'Nam.', 30, 4, 5, 29, '396', 7, 15),
(523, 'Integer.', 54, 5, 3, 30, '327', 8, 14),
(524, 'Nunc.', 37, 1, 7, 25, '431', 5, 9),
(525, 'Neque!', 41, 2, 26, 29, '231', 7, 22),
(526, 'Elementum.', 42, 3, 12, 26, '185', 10, 12),
(527, 'Class.', 88, 3, 18, 30, '412', 6, 21),
(528, 'Tempor.', 39, 2, 1, 21, '449', 9, 24),
(529, 'Enim.', 86, 2, 1, 20, '414', 7, 15),
(530, 'Venenatis?', 86, 2, 3, 25, '134', 6, 20),
(531, 'Mi?', 39, 2, 25, 25, '442', 9, 18),
(532, 'Montes.', 46, 3, 10, 20, '495', 9, 11),
(533, 'Nostra.', 72, 1, 24, 27, '196', 7, 15),
(534, 'Augue.', 42, 4, 15, 20, '381', 5, 19),
(535, 'Curae,.', 7, 4, 21, 21, '168', 10, 18),
(536, 'Sed.', 27, 3, 14, 27, '299', 6, 9),
(537, 'Accumsan.', 95, 4, 15, 27, '167', 6, 11),
(538, 'Augue.', 26, 1, 19, 26, '185', 9, 16),
(539, 'Duis.', 70, 1, 19, 27, '310', 5, 25),
(540, 'Class?', 44, 3, 15, 25, '190', 9, 11),
(541, 'Class.', 77, 4, 5, 30, '430', 6, 15),
(542, 'Nisi!', 93, 2, 23, 22, '218', 8, 17),
(543, 'Taciti.', 8, 2, 19, 27, '234', 4, 12),
(544, 'Interdum.', 30, 2, 19, 26, '130', 8, 17),
(545, 'Purus.', 78, 4, 21, 28, '258', 10, 12),
(546, 'Consectetur.', 23, 3, 8, 25, '221', 7, 20),
(547, 'Felis.', 94, 3, 9, 24, '325', 6, 17),
(548, 'Nisl.', 18, 1, 10, 26, '437', 9, 7),
(549, 'Cursus.', 38, 3, 2, 22, '139', 9, 21),
(550, 'Condimentum?', 50, 2, 24, 30, '467', 9, 12),
(551, 'Felis!', 54, 3, 11, 26, '259', 9, 6),
(552, 'Feugiat?', 93, 3, 21, 21, '445', 6, 6),
(553, 'Mattis.', 36, 1, 16, 23, '175', 5, 21),
(554, 'Odio?', 46, 2, 8, 20, '335', 9, 8),
(555, 'Eget!', 63, 3, 18, 24, '297', 7, 8),
(556, 'Habitasse.', 69, 4, 4, 25, '394', 8, 6),
(557, 'Etiam.', 22, 4, 24, 29, '317', 4, 15),
(558, 'Vehicula.', 44, 2, 3, 22, '322', 5, 23),
(559, 'Diam.', 90, 3, 20, 21, '414', 8, 20),
(560, 'Dapibus.', 46, 3, 19, 27, '170', 10, 24),
(561, 'Nisi.', 100, 3, 19, 21, '413', 9, 17),
(562, 'Fusce.', 6, 4, 18, 27, '263', 8, 16),
(563, 'Ut.', 14, 4, 6, 28, '159', 10, 24),
(564, 'Arcu.', 30, 3, 5, 23, '358', 8, 24),
(565, 'Sed.', 48, 4, 18, 25, '113', 9, 11),
(566, 'Suscipit.', 26, 2, 12, 27, '323', 5, 12),
(567, 'Dui.', 71, 4, 6, 26, '427', 8, 12),
(568, 'Arcu.', 39, 3, 23, 25, '124', 8, 24),
(569, 'Potenti.', 35, 3, 26, 28, '144', 9, 18),
(570, 'Risus?', 94, 5, 11, 21, '145', 8, 20),
(571, 'Elementum!', 17, 4, 14, 21, '161', 4, 23),
(572, 'Vulputate.', 61, 4, 5, 28, '311', 7, 11),
(573, 'Suscipit!', 55, 4, 3, 23, '337', 10, 14),
(574, 'Velit.', 69, 4, 24, 21, '107', 8, 24),
(575, 'Inceptos.', 9, 4, 18, 28, '274', 5, 25),
(576, 'Sagittis.', 45, 4, 12, 28, '336', 5, 15),
(577, 'Posuere.', 89, 4, 5, 27, '199', 10, 24),
(578, 'Diam.', 86, 4, 4, 25, '230', 4, 12),
(579, 'Curae,.', 27, 2, 23, 23, '303', 8, 17),
(580, 'Elementum!', 33, 2, 13, 28, '117', 4, 24),
(581, 'Duis.', 38, 3, 13, 24, '288', 7, 17),
(582, 'Lorem.', 33, 1, 1, 25, '439', 5, 16),
(583, 'Felis.', 83, 3, 13, 21, '323', 5, 14),
(584, 'Senectus.', 82, 3, 16, 21, '457', 5, 24),
(585, 'Viverra.', 82, 2, 19, 20, '417', 7, 19),
(586, 'Inceptos.', 77, 3, 9, 27, '221', 8, 18),
(587, 'Posuere.', 36, 2, 21, 27, '475', 8, 11),
(588, 'Venenatis.', 33, 5, 4, 24, '299', 6, 17),
(589, 'Aptent.', 24, 2, 15, 27, '192', 4, 12),
(590, 'Venenatis?', 59, 3, 27, 28, '274', 6, 8),
(591, 'Rhoncus.', 26, 4, 26, 22, '453', 6, 11),
(592, 'Consectetur.', 83, 2, 19, 23, '262', 9, 8),
(593, 'Cras?', 2, 5, 3, 27, '472', 5, 17),
(594, 'Porta.', 76, 3, 13, 21, '260', 9, 16),
(595, 'Eros.', 12, 5, 13, 25, '459', 8, 14),
(596, 'Id.', 81, 1, 23, 24, '427', 8, 6),
(597, 'Mattis.', 9, 3, 5, 21, '440', 9, 18),
(598, 'Consequat?', 45, 2, 25, 20, '487', 9, 21),
(599, 'Euismod.', 78, 3, 12, 23, '159', 10, 10),
(600, 'Integer.', 18, 3, 22, 26, '499', 8, 11),
(601, 'Parturient.', 56, 1, 18, 23, '232', 9, 19),
(602, 'Lobortis!', 95, 3, 12, 23, '450', 8, 9),
(603, 'Ante!', 60, 3, 5, 21, '258', 8, 21),
(604, 'Tempus.', 33, 2, 2, 28, '225', 7, 8),
(605, 'Nisl.', 74, 2, 13, 26, '499', 9, 14),
(606, 'Justo.', 39, 1, 2, 24, '438', 7, 20),
(607, 'Conubia!', 74, 2, 20, 26, '146', 7, 7),
(608, 'Imperdiet.', 58, 5, 4, 23, '465', 7, 25),
(609, 'Mattis.', 10, 2, 24, 28, '179', 7, 23),
(610, 'Pellentesque.', 90, 2, 5, 28, '313', 7, 18),
(611, 'Ultrices.', 70, 1, 5, 22, '111', 9, 22),
(612, 'Ipsum.', 90, 3, 21, 29, '239', 5, 12),
(613, 'Egestas.', 67, 4, 12, 20, '497', 6, 24),
(614, 'Elit.', 22, 3, 19, 26, '396', 10, 22),
(615, 'Mus.', 5, 5, 15, 28, '428', 7, 23),
(616, 'Nostra.', 30, 4, 13, 23, '390', 8, 15),
(617, 'Mauris.', 81, 2, 5, 28, '128', 9, 23),
(618, 'Accumsan!', 41, 3, 7, 20, '481', 10, 23),
(619, 'Cum.', 96, 4, 2, 25, '454', 6, 13),
(620, 'Rhoncus!', 77, 3, 20, 23, '170', 9, 11),
(621, 'Imperdiet.', 92, 4, 12, 23, '159', 4, 13),
(622, 'Mus?', 91, 3, 12, 22, '198', 6, 5),
(623, 'Litora.', 58, 2, 12, 29, '443', 9, 15),
(624, 'Sapien.', 93, 3, 26, 22, '381', 8, 17),
(625, 'Vehicula.', 5, 3, 15, 23, '176', 5, 7),
(626, 'Fames.', 87, 2, 24, 28, '222', 8, 17),
(627, 'Adipiscing.', 10, 4, 6, 22, '194', 9, 10),
(628, 'Eu.', 24, 4, 15, 25, '311', 8, 21),
(629, 'Semper?', 61, 4, 22, 27, '284', 7, 21),
(630, 'Sit.', 61, 2, 4, 25, '169', 8, 5),
(631, 'Diam.', 52, 5, 15, 24, '399', 7, 17),
(632, 'Venenatis.', 41, 4, 26, 29, '231', 5, 19),
(633, 'Mus?', 63, 3, 19, 29, '327', 8, 15),
(634, 'Cubilia.', 58, 2, 17, 23, '498', 6, 18),
(635, 'Primis.', 24, 2, 18, 27, '147', 8, 22),
(636, 'Habitant.', 83, 4, 22, 27, '404', 4, 19),
(637, 'Amet.', 11, 2, 22, 30, '443', 10, 23),
(638, 'Integer!', 28, 3, 23, 23, '460', 10, 12),
(639, 'Quam.', 98, 4, 20, 23, '347', 7, 11),
(640, 'Quisque.', 21, 2, 8, 24, '431', 5, 9),
(641, 'At?', 54, 4, 9, 27, '112', 6, 24),
(642, 'Convallis.', 44, 3, 19, 21, '348', 6, 16),
(643, 'Dolor.', 60, 1, 21, 23, '210', 7, 11),
(644, 'Amet.', 65, 3, 16, 21, '342', 5, 11),
(645, 'Velit.', 49, 1, 12, 28, '295', 9, 14),
(646, 'Feugiat.', 79, 5, 3, 20, '258', 8, 8),
(647, 'Platea.', 62, 4, 2, 20, '415', 6, 13),
(648, 'Sed.', 10, 4, 17, 27, '489', 6, 21),
(649, 'Neque.', 50, 2, 25, 26, '468', 6, 17),
(650, 'Purus?', 22, 3, 11, 28, '106', 10, 23),
(651, 'Fringilla.', 25, 5, 22, 26, '124', 8, 12),
(652, 'Phasellus.', 63, 3, 24, 29, '440', 5, 21),
(653, 'Quis.', 36, 2, 21, 22, '390', 6, 10),
(654, 'Rhoncus.', 54, 3, 24, 27, '407', 6, 11),
(655, 'Potenti.', 6, 4, 3, 22, '488', 9, 17),
(656, 'Senectus?', 99, 1, 26, 25, '311', 7, 22),
(657, 'Massa.', 56, 4, 12, 26, '173', 9, 14),
(658, 'Fringilla.', 20, 4, 27, 23, '236', 4, 24),
(659, 'Dictum.', 100, 3, 21, 26, '184', 9, 14),
(660, 'Mus.', 18, 4, 22, 27, '294', 7, 22),
(661, 'Nunc.', 66, 3, 6, 28, '469', 4, 18),
(662, 'Vivamus.', 57, 3, 20, 27, '291', 5, 22),
(663, 'Nascetur!', 36, 4, 22, 21, '171', 8, 19),
(664, 'Lacinia.', 65, 4, 2, 21, '124', 9, 13),
(665, 'Blandit?', 75, 4, 17, 21, '112', 5, 9),
(666, 'Praesent?', 77, 3, 21, 21, '306', 6, 10),
(667, 'Curabitur.', 85, 3, 5, 21, '369', 6, 11),
(668, 'Class.', 24, 3, 2, 22, '163', 9, 20),
(669, 'Vulputate.', 39, 2, 12, 30, '119', 4, 7),
(670, 'Dictumst.', 98, 2, 5, 22, '332', 8, 16),
(671, 'Nec.', 96, 1, 14, 27, '323', 5, 19),
(672, 'Sociis!', 39, 4, 17, 24, '113', 6, 19),
(673, 'Elit!', 51, 5, 14, 29, '288', 9, 13),
(674, 'Eu.', 56, 2, 26, 22, '271', 7, 16),
(675, 'Et.', 24, 5, 27, 21, '446', 5, 25),
(676, 'A.', 92, 4, 2, 20, '482', 9, 5),
(677, 'Donec.', 28, 4, 26, 22, '391', 6, 18),
(678, 'Consectetur.', 23, 2, 17, 24, '346', 9, 24),
(679, 'Litora?', 62, 3, 2, 21, '386', 10, 17),
(680, 'Pretium.', 99, 2, 11, 29, '248', 5, 25),
(681, 'Mi.', 27, 1, 21, 26, '210', 4, 19),
(682, 'Nisi.', 86, 3, 19, 21, '386', 5, 16),
(683, 'Bibendum!', 18, 2, 23, 28, '101', 5, 23),
(684, 'Egestas.', 20, 3, 2, 28, '441', 5, 9),
(685, 'Suspendisse.', 62, 1, 27, 22, '257', 9, 14),
(686, 'Justo?', 29, 2, 12, 27, '109', 4, 21),
(687, 'Odio.', 32, 4, 24, 26, '223', 4, 6),
(688, 'Montes.', 56, 3, 4, 22, '468', 6, 16),
(689, 'Vulputate.', 44, 3, 23, 22, '213', 9, 6),
(690, 'Duis.', 66, 3, 27, 27, '139', 9, 14),
(691, 'Augue.', 6, 4, 18, 23, '274', 10, 10),
(692, 'Hendrerit.', 19, 2, 20, 23, '248', 7, 19),
(693, 'Aptent.', 26, 5, 7, 21, '294', 7, 21),
(694, 'Quam.', 4, 2, 18, 24, '179', 6, 23),
(695, 'Himenaeos.', 38, 2, 15, 26, '459', 9, 21),
(696, 'Nunc.', 84, 2, 22, 27, '307', 6, 8),
(697, 'Potenti.', 94, 5, 23, 21, '131', 7, 7),
(698, 'Neque?', 47, 3, 4, 23, '298', 8, 18),
(699, 'Accumsan.', 56, 2, 23, 25, '146', 7, 13),
(700, 'Taciti?', 18, 1, 11, 21, '204', 10, 7),
(701, 'Suscipit.', 91, 2, 23, 29, '480', 5, 13),
(702, 'Leo.', 26, 4, 17, 27, '325', 4, 19),
(703, 'Nam.', 6, 3, 16, 29, '256', 6, 6),
(704, 'Odio.', 37, 3, 21, 23, '317', 9, 21),
(705, 'Sagittis.', 65, 4, 21, 20, '260', 10, 15),
(706, 'Semper.', 64, 4, 16, 21, '285', 9, 20),
(707, 'Non.', 13, 2, 1, 24, '351', 6, 13),
(708, 'Quis.', 42, 4, 15, 24, '204', 8, 8),
(709, 'Per.', 69, 3, 20, 29, '288', 7, 19),
(710, 'Conubia.', 5, 4, 19, 24, '206', 7, 22),
(711, 'Amet.', 28, 5, 14, 24, '319', 7, 21),
(712, 'Vel.', 54, 3, 24, 29, '189', 5, 9),
(713, 'Integer.', 51, 4, 24, 27, '459', 7, 6),
(714, 'Fames.', 17, 1, 8, 20, '350', 7, 23),
(715, 'Posuere.', 74, 2, 24, 29, '255', 10, 8),
(716, 'Parturient.', 15, 4, 11, 23, '205', 7, 15),
(717, 'Proin.', 43, 4, 14, 21, '167', 6, 10),
(718, 'Turpis.', 59, 3, 11, 21, '260', 5, 16),
(719, 'Arcu!', 54, 3, 15, 28, '251', 6, 25),
(720, 'Duis.', 31, 4, 19, 28, '110', 5, 9),
(721, 'Dis?', 46, 4, 15, 30, '104', 9, 18),
(722, 'Ultrices?', 77, 5, 25, 20, '177', 6, 7),
(723, 'Montes.', 17, 3, 17, 26, '485', 8, 23),
(724, 'Vivamus.', 56, 4, 9, 20, '258', 9, 7),
(725, 'Suspendisse.', 6, 3, 14, 26, '392', 7, 20),
(726, 'Faucibus.', 62, 5, 15, 25, '434', 10, 10),
(727, 'Varius.', 97, 4, 3, 21, '263', 9, 7),
(728, 'Purus.', 15, 5, 22, 25, '464', 5, 12),
(729, 'Leo.', 4, 1, 7, 24, '153', 7, 15),
(730, 'Luctus.', 5, 1, 25, 25, '390', 9, 18),
(731, 'Nec.', 76, 1, 17, 29, '353', 7, 24),
(732, 'Metus.', 66, 1, 27, 29, '458', 9, 12),
(733, 'Nulla!', 24, 4, 21, 25, '171', 6, 17),
(734, 'Dolor.', 3, 2, 18, 21, '120', 4, 10),
(735, 'Eros.', 11, 4, 18, 25, '156', 4, 10),
(736, 'Purus?', 51, 2, 4, 27, '228', 5, 11),
(737, 'Mauris.', 48, 5, 5, 21, '246', 8, 7),
(738, 'Nisi!', 96, 4, 11, 24, '372', 5, 21),
(739, 'Volutpat.', 51, 2, 9, 28, '347', 8, 19),
(740, 'Quam!', 11, 2, 26, 29, '410', 6, 15),
(741, 'Semper?', 97, 3, 1, 27, '390', 6, 8),
(742, 'Ad.', 25, 3, 13, 24, '340', 6, 9),
(743, 'Dui?', 87, 1, 8, 23, '181', 7, 6),
(744, 'Luctus.', 7, 2, 2, 29, '143', 10, 21),
(745, 'Mus?', 78, 5, 17, 23, '271', 10, 10),
(746, 'Convallis.', 75, 5, 10, 24, '298', 9, 6),
(747, 'Nibh.', 6, 3, 19, 28, '336', 7, 17),
(748, 'Eget!', 62, 4, 12, 21, '350', 8, 13),
(749, 'Nisl.', 96, 5, 17, 21, '297', 8, 18),
(750, 'Hac.', 66, 5, 4, 23, '118', 8, 17),
(751, 'Dui.', 85, 3, 25, 25, '486', 8, 25),
(752, 'Curabitur.', 9, 5, 19, 29, '438', 7, 21),
(753, 'Dis!', 86, 4, 8, 27, '348', 4, 11),
(754, 'Facilisis.', 25, 5, 14, 22, '174', 5, 14),
(755, 'Magnis.', 64, 4, 7, 25, '266', 6, 16),
(756, 'Inceptos.', 50, 1, 23, 21, '134', 9, 6),
(757, 'Amet.', 76, 2, 18, 30, '490', 7, 20),
(758, 'Sapien!', 4, 3, 19, 25, '309', 10, 21),
(759, 'Cubilia.', 78, 3, 4, 24, '372', 8, 23),
(760, 'Lobortis!', 9, 1, 13, 27, '169', 7, 9),
(761, 'Neque.', 85, 5, 26, 22, '452', 5, 6),
(762, 'Hendrerit.', 11, 4, 16, 29, '377', 4, 20),
(763, 'Natoque.', 36, 4, 4, 23, '197', 8, 16),
(764, 'Dis.', 24, 4, 1, 28, '430', 5, 21),
(765, 'Massa.', 19, 2, 6, 24, '307', 9, 13),
(766, 'Inceptos.', 62, 4, 7, 24, '211', 10, 14),
(767, 'Euismod.', 93, 2, 12, 21, '253', 6, 14),
(768, 'Fringilla.', 48, 5, 26, 25, '166', 5, 7),
(769, 'Duis.', 20, 2, 16, 24, '222', 9, 13),
(770, 'Arcu.', 46, 2, 16, 26, '308', 9, 11),
(771, 'Elit.', 21, 2, 10, 21, '248', 8, 11),
(772, 'Nunc.', 43, 3, 17, 27, '125', 7, 8),
(773, 'Fames.', 47, 4, 9, 26, '209', 9, 7),
(774, 'Est.', 60, 2, 24, 22, '421', 7, 17),
(775, 'Mollis?', 76, 2, 17, 24, '147', 8, 19),
(776, 'Amet.', 87, 4, 22, 23, '433', 9, 22),
(777, 'Varius.', 8, 3, 5, 26, '377', 5, 13),
(778, 'Nisi?', 92, 1, 10, 22, '243', 8, 20),
(779, 'Mi.', 70, 4, 7, 24, '303', 5, 14),
(780, 'Tempor.', 43, 5, 14, 26, '477', 9, 8),
(781, 'Cursus.', 98, 4, 20, 25, '226', 5, 10),
(782, 'Conubia!', 87, 3, 9, 25, '286', 9, 20),
(783, 'Taciti.', 97, 1, 10, 22, '194', 6, 25),
(784, 'Fames?', 22, 3, 9, 21, '205', 9, 8),
(785, 'Fusce!', 31, 4, 9, 25, '494', 8, 9),
(786, 'Per.', 1, 3, 9, 24, '386', 4, 18),
(787, 'Aptent.', 5, 5, 21, 30, '247', 4, 20),
(788, 'Cras.', 34, 4, 26, 22, '233', 6, 15),
(789, 'Aptent.', 79, 2, 8, 29, '465', 4, 23),
(790, 'Dis!', 54, 3, 16, 26, '384', 5, 14),
(791, 'Feugiat.', 94, 5, 10, 24, '425', 5, 10),
(792, 'Dignissim.', 88, 2, 9, 22, '113', 5, 15),
(793, 'Risus.', 71, 4, 15, 29, '373', 5, 11),
(794, 'Sollicitudin?', 43, 4, 25, 26, '423', 10, 8),
(795, 'Accumsan!', 25, 3, 6, 23, '396', 10, 18),
(796, 'Ipsum?', 39, 3, 17, 23, '441', 4, 11),
(797, 'Dapibus?', 10, 4, 17, 22, '165', 6, 12),
(798, 'Vulputate.', 39, 4, 9, 30, '199', 9, 12),
(799, 'Lacus!', 10, 3, 21, 29, '283', 8, 6),
(800, 'Non.', 63, 4, 26, 27, '442', 6, 21),
(801, 'Condimentum.', 69, 4, 14, 29, '322', 8, 8),
(802, 'Consequat.', 82, 5, 22, 29, '174', 5, 5),
(803, 'Elit.', 60, 3, 9, 25, '265', 9, 22),
(804, 'Accumsan.', 79, 3, 23, 27, '168', 4, 10),
(805, 'Ultrices.', 42, 5, 8, 23, '279', 6, 18),
(806, 'Amet.', 30, 2, 2, 29, '426', 5, 11),
(807, 'Magnis.', 68, 5, 22, 23, '113', 8, 20),
(808, 'Mi.', 76, 3, 17, 27, '350', 8, 21),
(809, 'Aliquam.', 44, 3, 3, 30, '204', 8, 15),
(810, 'Natoque?', 78, 4, 7, 22, '446', 6, 12),
(811, 'Facilisi.', 31, 3, 4, 22, '351', 10, 21),
(812, 'Eleifend.', 62, 3, 4, 23, '463', 4, 24),
(813, 'Libero.', 26, 4, 26, 25, '269', 5, 10),
(814, 'Semper!', 45, 1, 10, 29, '264', 9, 16),
(815, 'Per.', 6, 4, 17, 23, '130', 5, 15),
(816, 'Mollis.', 2, 5, 9, 21, '220', 5, 15),
(817, 'Per.', 96, 3, 3, 30, '385', 4, 24),
(818, 'Tortor.', 34, 2, 9, 22, '469', 9, 18),
(819, 'Leo.', 40, 3, 2, 22, '494', 9, 15),
(820, 'Iaculis.', 19, 1, 13, 29, '379', 8, 5),
(821, 'Egestas.', 25, 1, 24, 24, '306', 6, 23),
(822, 'Eros.', 68, 4, 24, 24, '136', 6, 10),
(823, 'Potenti?', 49, 2, 5, 28, '478', 9, 21),
(824, 'Ornare.', 8, 4, 21, 25, '235', 9, 11),
(825, 'Morbi.', 10, 4, 4, 26, '206', 10, 16),
(826, 'Ultricies.', 26, 4, 14, 27, '445', 5, 23),
(827, 'Quis.', 5, 4, 13, 21, '456', 10, 14),
(828, 'Amet.', 14, 3, 3, 22, '173', 7, 21),
(829, 'Turpis!', 26, 3, 22, 29, '160', 7, 20),
(830, 'Nam.', 39, 4, 7, 27, '395', 8, 8),
(831, 'Placerat.', 91, 2, 5, 21, '480', 6, 21),
(832, 'Dignissim!', 70, 4, 20, 21, '317', 9, 13),
(833, 'Pellentesque.', 81, 4, 25, 30, '132', 6, 22),
(834, 'Placerat.', 77, 2, 23, 24, '168', 6, 25),
(835, 'Massa.', 93, 2, 13, 25, '104', 7, 11),
(836, 'Torquent.', 22, 5, 16, 23, '119', 6, 19),
(837, 'Rutrum.', 5, 4, 25, 25, '160', 8, 15),
(838, 'Nostra?', 74, 2, 22, 24, '255', 6, 7),
(839, 'Ullamcorper?', 37, 3, 2, 25, '110', 5, 6),
(840, 'Dictum!', 71, 2, 3, 21, '339', 10, 11),
(841, 'Dictumst.', 78, 5, 15, 25, '198', 7, 16),
(842, 'Sapien?', 59, 1, 5, 22, '452', 8, 16),
(843, 'Nunc.', 45, 2, 10, 21, '242', 6, 13),
(844, 'Non.', 19, 3, 23, 24, '256', 7, 7),
(845, 'Platea.', 9, 4, 19, 25, '114', 5, 15),
(846, 'Lobortis.', 34, 5, 21, 24, '100', 9, 6),
(847, 'Ut.', 87, 3, 18, 27, '382', 4, 8),
(848, 'Lacinia.', 61, 5, 26, 24, '358', 10, 21),
(849, 'Cubilia.', 98, 2, 12, 23, '300', 5, 6),
(850, 'Torquent.', 33, 3, 10, 20, '141', 10, 13),
(851, 'Et.', 58, 2, 21, 30, '458', 8, 14),
(852, 'Vivamus?', 72, 4, 22, 28, '477', 5, 24),
(853, 'Rutrum.', 3, 1, 10, 26, '173', 8, 17),
(854, 'Mus.', 28, 2, 13, 30, '421', 7, 17),
(855, 'Consequat.', 3, 2, 18, 27, '268', 10, 17),
(856, 'Integer.', 39, 4, 25, 29, '355', 10, 5),
(857, 'Vehicula.', 63, 2, 2, 29, '355', 8, 20),
(858, 'Elit.', 81, 3, 13, 25, '402', 7, 15),
(859, 'Vivamus?', 4, 3, 1, 29, '449', 5, 12),
(860, 'Pulvinar?', 98, 1, 2, 21, '110', 5, 21),
(861, 'Vehicula.', 74, 1, 17, 20, '134', 7, 8),
(862, 'Nascetur.', 49, 1, 16, 29, '323', 5, 14),
(863, 'Penatibus.', 68, 2, 3, 22, '268', 4, 20),
(864, 'Semper.', 73, 2, 22, 28, '252', 9, 20),
(865, 'Ultricies.', 87, 2, 11, 27, '487', 4, 19),
(866, 'Ligula.', 69, 2, 13, 28, '114', 6, 10),
(867, 'Aliquam.', 90, 1, 12, 26, '176', 5, 9),
(868, 'Pellentesque.', 30, 1, 13, 27, '190', 9, 18),
(869, 'Semper?', 81, 2, 1, 22, '150', 10, 20),
(870, 'Eleifend?', 70, 4, 14, 28, '261', 5, 10),
(871, 'Et.', 34, 3, 20, 22, '423', 10, 10),
(872, 'Parturient.', 93, 2, 25, 29, '278', 5, 16),
(873, 'Laoreet.', 99, 3, 3, 23, '242', 9, 17),
(874, 'Sit?', 41, 2, 7, 23, '231', 7, 16),
(875, 'Leo.', 72, 5, 6, 23, '327', 9, 17),
(876, 'Cubilia.', 14, 1, 5, 27, '163', 5, 7),
(877, 'Sociis!', 25, 5, 18, 25, '352', 4, 6),
(878, 'Duis.', 37, 3, 10, 29, '140', 5, 25),
(879, 'Commodo.', 15, 3, 5, 23, '306', 7, 8),
(880, 'Laoreet.', 1, 2, 23, 27, '258', 9, 18),
(881, 'Himenaeos.', 7, 3, 13, 28, '403', 8, 16),
(882, 'Pellentesque.', 55, 5, 7, 25, '339', 8, 16),
(883, 'Cum.', 1, 4, 4, 22, '231', 9, 15),
(884, 'Mauris.', 28, 2, 17, 28, '434', 9, 16),
(885, 'Odio.', 33, 2, 6, 28, '154', 6, 10),
(886, 'Odio.', 59, 2, 9, 27, '442', 7, 8),
(887, 'Enim.', 74, 1, 4, 27, '181', 8, 15),
(888, 'Mus.', 78, 4, 15, 23, '103', 7, 17),
(889, 'Leo.', 30, 3, 19, 28, '214', 7, 22),
(890, 'Consequat.', 96, 5, 13, 30, '283', 6, 13),
(891, 'Nisl.', 45, 3, 19, 27, '488', 9, 9),
(892, 'Ad.', 1, 2, 10, 26, '283', 7, 14),
(893, 'Himenaeos.', 30, 2, 25, 24, '137', 9, 20),
(894, 'Dictumst.', 60, 5, 5, 24, '111', 6, 6),
(895, 'Ultricies.', 22, 2, 5, 24, '250', 9, 20),
(896, 'Metus.', 24, 3, 20, 27, '269', 10, 15),
(897, 'Massa.', 47, 1, 13, 29, '168', 9, 23),
(898, 'Ullamcorper.', 35, 1, 8, 24, '280', 9, 13),
(899, 'Dapibus?', 36, 3, 23, 25, '491', 7, 14),
(900, 'Magna.', 46, 1, 18, 27, '387', 10, 14),
(901, 'Leo.', 6, 3, 19, 25, '292', 6, 9),
(902, 'Vulputate.', 57, 3, 7, 28, '267', 8, 6),
(903, 'Laoreet.', 96, 5, 24, 30, '203', 7, 10),
(904, 'Facilisis.', 6, 5, 9, 23, '258', 7, 17),
(905, 'Pellentesque!', 27, 3, 15, 29, '180', 9, 8),
(906, 'Quisque.', 98, 3, 21, 25, '211', 7, 7),
(907, 'Porta?', 8, 3, 17, 24, '279', 5, 18),
(908, 'Nisi.', 73, 5, 24, 27, '449', 6, 12),
(909, 'Ultricies.', 6, 2, 4, 28, '115', 7, 21),
(910, 'Condimentum!', 69, 3, 7, 28, '474', 10, 22),
(911, 'Dolor.', 22, 2, 17, 28, '173', 7, 19),
(912, 'Nec!', 33, 1, 11, 21, '137', 7, 6),
(913, 'Venenatis.', 43, 1, 15, 26, '291', 5, 6),
(914, 'Malesuada!', 2, 5, 22, 29, '487', 5, 14),
(915, 'Aenean?', 51, 5, 13, 22, '295', 5, 16),
(916, 'Tristique.', 21, 1, 13, 30, '175', 8, 18),
(917, 'Lectus.', 28, 1, 18, 26, '126', 10, 15),
(918, 'Mattis.', 83, 2, 16, 27, '427', 4, 18),
(919, 'Scelerisque.', 55, 3, 11, 24, '312', 5, 17),
(920, 'Egestas.', 91, 4, 14, 21, '152', 5, 13),
(921, 'A.', 88, 5, 19, 25, '333', 6, 12),
(922, 'Auctor!', 34, 4, 27, 21, '189', 7, 8),
(923, 'Nulla?', 88, 3, 7, 28, '310', 6, 17),
(924, 'Sagittis?', 27, 4, 19, 20, '314', 6, 10),
(925, 'Duis.', 66, 2, 7, 26, '113', 5, 12),
(926, 'Vulputate.', 26, 1, 5, 28, '399', 6, 9),
(927, 'Risus.', 60, 3, 2, 28, '297', 5, 21),
(928, 'Leo.', 61, 2, 17, 29, '406', 6, 6),
(929, 'Potenti.', 45, 4, 8, 23, '299', 10, 10),
(930, 'Maecenas.', 2, 4, 7, 28, '285', 10, 20),
(931, 'Purus!', 40, 4, 10, 26, '468', 9, 6),
(932, 'Vel.', 35, 1, 25, 25, '186', 7, 25),
(933, 'Elit!', 68, 1, 11, 23, '286', 10, 16),
(934, 'Suscipit.', 4, 4, 25, 27, '299', 8, 24),
(935, 'Vitae.', 80, 2, 19, 24, '184', 8, 24),
(936, 'Fusce.', 59, 3, 8, 29, '265', 8, 7),
(937, 'Pretium.', 66, 4, 6, 26, '439', 9, 23),
(938, 'Primis.', 84, 1, 15, 29, '216', 6, 15),
(939, 'Senectus.', 44, 4, 11, 21, '315', 9, 23),
(940, 'Risus.', 99, 3, 12, 20, '229', 8, 13),
(941, 'Ultricies.', 79, 4, 10, 28, '406', 8, 14),
(942, 'In.', 38, 5, 5, 29, '489', 10, 23),
(943, 'Adipiscing.', 90, 5, 15, 22, '104', 9, 17),
(944, 'Quisque.', 42, 4, 5, 28, '491', 5, 7),
(945, 'Nascetur.', 88, 4, 17, 29, '238', 5, 7),
(946, 'Adipiscing.', 33, 5, 12, 21, '254', 6, 8),
(947, 'Taciti.', 53, 3, 11, 28, '179', 8, 10),
(948, 'Purus?', 39, 2, 23, 26, '167', 5, 10),
(949, 'Neque.', 87, 2, 13, 25, '111', 9, 6),
(950, 'Fames.', 86, 2, 5, 20, '403', 5, 7),
(951, 'Ipsum.', 54, 5, 22, 27, '436', 6, 10),
(952, 'Neque.', 63, 5, 10, 27, '347', 6, 19),
(953, 'Sagittis.', 69, 2, 25, 21, '294', 5, 9),
(954, 'Tempus!', 46, 3, 21, 24, '127', 5, 15),
(955, 'Suscipit.', 7, 2, 3, 28, '150', 8, 14),
(956, 'At?', 44, 4, 24, 22, '357', 5, 19),
(957, 'Magnis.', 3, 2, 3, 25, '485', 7, 14),
(958, 'Consectetur.', 33, 2, 24, 29, '333', 9, 13),
(959, 'Diam?', 19, 5, 27, 24, '141', 4, 9),
(960, 'Praesent.', 82, 3, 15, 26, '468', 7, 14),
(961, 'Ut.', 22, 1, 14, 24, '439', 9, 12),
(962, 'Pulvinar.', 76, 3, 26, 26, '115', 8, 15),
(963, 'Eu?', 66, 2, 14, 25, '434', 7, 11),
(964, 'Vulputate.', 55, 3, 14, 27, '297', 6, 20),
(965, 'Nam!', 31, 1, 2, 25, '293', 8, 9),
(966, 'At.', 88, 3, 3, 27, '205', 9, 23),
(967, 'Mollis.', 17, 2, 17, 23, '297', 8, 24),
(968, 'Torquent.', 73, 3, 9, 27, '360', 5, 10),
(969, 'Ad.', 97, 2, 10, 23, '346', 9, 17),
(970, 'Elit.', 66, 2, 11, 21, '105', 6, 6),
(971, 'Dapibus.', 58, 4, 4, 27, '132', 9, 19),
(972, 'Neque?', 49, 2, 24, 22, '457', 9, 15),
(973, 'Rutrum.', 24, 3, 11, 27, '336', 5, 19),
(974, 'Dapibus.', 38, 1, 9, 29, '116', 5, 19),
(975, 'Nisl!', 65, 3, 25, 21, '313', 6, 12),
(976, 'Consectetur.', 61, 3, 22, 22, '302', 5, 22),
(977, 'Nulla.', 31, 4, 14, 24, '142', 6, 12),
(978, 'Ante.', 18, 5, 17, 21, '218', 8, 22),
(979, 'Et.', 51, 2, 26, 22, '410', 8, 15),
(980, 'Ornare!', 11, 2, 20, 22, '431', 6, 23),
(981, 'Ut.', 16, 2, 11, 28, '339', 7, 12),
(982, 'Tortor.', 17, 3, 12, 28, '272', 8, 8),
(983, 'Ultricies?', 68, 2, 7, 25, '470', 6, 20),
(984, 'Suscipit.', 91, 2, 4, 24, '335', 10, 22),
(985, 'Justo.', 53, 2, 12, 30, '279', 7, 15),
(986, 'Vivamus.', 35, 5, 14, 25, '293', 9, 21),
(987, 'Ultrices.', 80, 3, 26, 28, '119', 8, 18),
(988, 'Habitasse!', 73, 5, 7, 25, '143', 6, 20),
(989, 'Morbi.', 76, 4, 26, 21, '435', 8, 12),
(990, 'Ipsum.', 10, 1, 9, 28, '469', 9, 9),
(991, 'Vehicula!', 83, 4, 9, 24, '463', 8, 11),
(992, 'Euismod.', 33, 3, 20, 23, '291', 9, 9),
(993, 'Dapibus!', 27, 2, 10, 22, '388', 9, 24),
(994, 'Sed.', 4, 2, 23, 26, '432', 9, 11),
(995, 'Risus!', 83, 4, 13, 28, '428', 5, 7),
(996, 'Mollis?', 56, 2, 22, 25, '131', 6, 19),
(997, 'Lacus.', 53, 2, 14, 21, '249', 6, 24),
(998, 'Viverra.', 11, 3, 16, 26, '181', 4, 20),
(999, 'Risus.', 93, 3, 12, 26, '185', 7, 22),
(1000, 'Felis.', 28, 5, 15, 29, '161', 8, 25),
(1001, 'Curabitur!', 80, 4, 23, 30, '158', 8, 12),
(1002, 'Hac.', 94, 3, 4, 21, '108', 7, 12),
(1003, 'Non.', 18, 3, 4, 29, '326', 5, 6),
(1004, 'Condimentum.', 33, 5, 15, 25, '226', 7, 13),
(1005, 'Fringilla.', 62, 3, 26, 21, '255', 10, 21),
(1006, 'Luctus.', 65, 2, 3, 23, '384', 8, 15),
(1007, 'Pulvinar.', 89, 5, 4, 29, '244', 7, 11),
(1008, 'Lobortis.', 75, 5, 3, 20, '146', 8, 21),
(1009, 'Facilisis.', 25, 4, 2, 28, '173', 5, 16),
(1010, 'Iaculis.', 94, 1, 25, 23, '230', 8, 17);

-- --------------------------------------------------------

--
-- Table structure for table `bicycle_outlet`
--

CREATE TABLE `bicycle_outlet` (
  `id` int(11) NOT NULL,
  `name` varchar(100) NOT NULL,
  `address` varchar(100) NOT NULL
) ENGINE=InnoDB DEFAULT CHARSET=latin1;

--
-- Dumping data for table `bicycle_outlet`
--

INSERT INTO `bicycle_outlet` (`id`, `name`, `address`) VALUES
(44, 'Alaska Air Group', '1983 Elmdale'),
(101, 'Alliant Techsystems', '6122 Manila'),
(47, 'Alliant Techsystems', '9849 Bishop Ford 137th St'),
(13, 'Amica Mutual Insurance Company', '7002 46th'),
(67, 'Amica Mutual Insurance Company', '7436 Bishop Ford 137th St'),
(82, 'Analog Devices', '2070 Dan Ryan Marquette Rd'),
(94, 'Apple', '936 Monroe'),
(56, 'At&t', '5308 Washburne'),
(34, 'At&t', '6276 Irving Park'),
(52, 'Atmos Energy Corporation', '4949 Yale'),
(70, 'Avery Dennison Corporation', '3933 Tonty'),
(88, 'Barnes & Noble', '9577 Luther'),
(63, 'Bemis Company', '9471 Laflin'),
(78, 'Berkshire Hathaway', '3278 Eisenhower Ib Dan Ryan'),
(24, 'Best Buy Co.', '6860 Wentworth'),
(1, 'Best outlet', 'outlet street 11\r\n'),
(2, 'Better outlet', 'North street 31'),
(3, 'Bicycle outlet', 'Address crossing 2'),
(64, 'Boise Cascade Company', '3344 Eastman'),
(15, 'Brown-forman Beverages Worldwide', '5317 Sioux'),
(97, 'Burger King Corporation ', '414 Kenneth'),
(11, 'Buy&Rent', 'Couldhavebeen 42'),
(93, 'Carmax', '1254 Giles'),
(42, 'Cbre Group', '9584 New Hampshire'),
(106, 'Cbs Corporation', '9359 Eisenhower Wacker Dr'),
(54, 'Cerner Corporation', '6048 Huron'),
(73, 'Certegy', '8684 Ashland'),
(85, 'Citrix Systems', '2831 Anthony'),
(91, 'Cno Financial Group', '9230 Kennedy Milwaukee Av'),
(104, 'Computer Sciences Corporation', '2318 I57 111th St'),
(7, 'Cone Forest', 'Laketown path 99'),
(22, 'Cracker Barrel Old Country Store', '3881 Parkside'),
(19, 'Cummins', '7166 Eleanor'),
(95, 'Curtiss-wright Corporation', '8567 Drew'),
(37, 'Delta Air Lines', '9074 Dan Ryan 71st St'),
(25, 'Dominion Resources', '6093 Heath'),
(17, 'Dover Corporation', '922 Kilpatrick'),
(40, 'Dresser-rand Company', '8992 Lsd Columbus Dr'),
(28, 'Duke Energy Corporation', '5417 Hastings'),
(75, 'Emc Corporation', '6794 Hill'),
(109, 'Energy Future Holdings', '2151 120th'),
(21, 'Erie Insurance Group', '4955 Surrey'),
(9, 'Essentiality', 'Bikeland road 1'),
(36, 'Family Dollar Stores', '6218 Haul'),
(18, 'Fedex Corporation', '6929 Corbett'),
(103, 'Flowserve Corporation', '5608 Eisenhower Ib Dan Ryan Ob'),
(83, 'Fmc Corporation', '9440 Bryn Mawr Av'),
(66, 'Fmc Technologies', '437 Osceola'),
(65, 'Freeport-mcmoran Copper & Gold', '2517 Stevenson Ib Lsd Nb'),
(38, 'Gaf Materials Corporation', '281 Emerald'),
(59, 'General Motors Company', '2259 Noble'),
(92, 'Goldman Sachs', '3810 Pearson'),
(12, 'Graybar Services', '1958 Bellevue'),
(43, 'Honeywell International', '6322 Lsd Michigan Avenue'),
(33, 'Hudson City Savings Bank', '4352 Maypole'),
(20, 'Iasis Healthcare Corporation', '1566 Eisenhower California Av'),
(81, 'Jarden Corporation', '2580 Crilly'),
(4, 'Joe''s Bikes', 'Cuckoo path 9'),
(29, 'Kar Auction Services', '7150 Lorel'),
(31, 'Key Bank', '9028 Kennedy Damen Av'),
(50, 'Kohl''s Corporation', '5295 Potomac'),
(77, 'Land O''lakes', '3385 Dan Ryan Franklin'),
(14, 'Loews Corporation', '2336 Armstrong'),
(76, 'Manitowoc Company', '1557 Bishop Ford I57'),
(72, 'Maxim Integrated Products', '4486 Eisenhower Kostner Av'),
(108, 'Mgm Resorts International', '3024 North'),
(39, 'Navistar', '4681 77th'),
(49, 'Nbcuniversal', '4421 Goodman'),
(99, 'Neiman Marcus', '2112 Calumet Access'),
(6, 'New&Old', 'Ye olde drive 1'),
(110, 'Newpage Corporation', '8653 Corliss'),
(111, 'Nii Holdings', '1631 Pitney'),
(74, 'Northern Trust Corporation', '6354 Eisenhower Homan Av'),
(105, 'Nyse Euronext', '8764 26th'),
(45, 'Oracle Corporation', '7200 Grant'),
(58, 'Paetec', '3672 Kensington'),
(32, 'Priceline.com', '7223 Lyndale'),
(80, 'Public Storage', '1033 Dan Ryan Ib Canalport Av'),
(41, 'Questar Corporation', '890 Greenview'),
(90, 'Radioshack Corporation', '8297 Page'),
(89, 'Ralph Lauren Corporation', '4972 Reta'),
(87, 'Raytheon Company', '4538 49th'),
(5, 'Red cycling', 'Comet landing 21'),
(10, 'Rent&Ride', 'aFiasoj 45'),
(57, 'Rent-a-center', '5739 Sherwin'),
(71, 'Sears Holdings Corporation', '8070 Butler'),
(84, 'Sfn Group', '9439 Hazel'),
(96, 'Sigma-aldrich Corporation', '2245 Peterson'),
(98, 'Southwest Gas Corporation', '6285 Ionia'),
(55, 'Spectra Energy Partners', '9797 Luna'),
(60, 'Staples Financial', '6322 Haddon'),
(53, 'Systemax', '8751 Montrose Harbor'),
(79, 'Targa Resources', '1281 Fletcher'),
(69, 'The Blackstone Group', '50 State'),
(51, 'The Cheesecake Factoryorporated', '1820 Parkside'),
(16, 'The Dun & Bradstreet Corp', '7965 Bishop Ford 137th St'),
(23, 'The Hershey Company', '8156 Wacker Sub'),
(102, 'The Impac Companies', '1567 Eisenhower Taylor St'),
(8, 'Time is of the essence', 'Logway 65'),
(35, 'True Value Company', '3932 44th'),
(68, 'True Value Company', '904 Kennedy Division St'),
(48, 'Trw', '557 Canfield'),
(27, 'U.s. Bancorp', '2700 Garfield Square'),
(100, 'Unified Grocers', '2749 Evelyn'),
(61, 'Univision Communications', '5108 Loyola'),
(46, 'Utc Aerospace Systems', '9172 Crowell'),
(86, 'Valero Energy Corporation', '5242 Mont Clare'),
(62, 'Wendy''s', '7757 Kennedy Racine Av'),
(26, 'Westar Energy', '8039 Haddon'),
(107, 'Windstream Corporation', '4857 Beaubien'),
(30, 'Zale Corporation', '4154 St Lawrence');

-- --------------------------------------------------------

--
-- Table structure for table `bicycle_outlet_user_info`
--

CREATE TABLE `bicycle_outlet_user_info` (
  `id` int(10) NOT NULL,
  `first_name` varchar(50) CHARACTER SET utf8 COLLATE utf8_bin NOT NULL,
  `last_name` varchar(50) CHARACTER SET utf8 COLLATE utf8_bin NOT NULL,
  `email` varchar(50) CHARACTER SET utf8 COLLATE utf8_bin NOT NULL,
  `password` char(32) CHARACTER SET utf8 COLLATE utf8_bin NOT NULL,
  `bicycle_outlet_id` int(10) NOT NULL,
  `user_role_id` int(2) NOT NULL
) ENGINE=InnoDB DEFAULT CHARSET=latin1;

--
-- Dumping data for table `bicycle_outlet_user_info`
--

INSERT INTO `bicycle_outlet_user_info` (`id`, `first_name`, `last_name`, `email`, `password`, `bicycle_outlet_id`, `user_role_id`) VALUES
(1, 'Rhys', 'Gentry', 'asd@asd.asd', 'test', 20, 1),
(2, 'Adele', 'Clements', 'Adele.CLEMENTS5729@mailinator.com', 'test', 75, 1),
(3, 'Chris', 'Donaldson', 'Chris.DONALDSON4867@dispostable.com', 'asd', 3, 2),
(4, 'Moses', 'Alford', 'Mos.ALF8231@dispostable.com', 'test', 107, 1),
(5, 'Gracelyn', 'Boone', 'Gracel.BOO9280@monumentmail.com', 'password', 18, 1),
(6, 'Jax', 'Witt', 'Jax.WITT1425@yopmail.com', 'password', 31, 2),
(7, 'Roselyn', 'Gibbs', 'Roselyn.GIB3312@reallymymail.com', 'password', 58, 1),
(8, 'Aryan', 'Kidd', 'Arya.KI7209@dispostable.com', 'password', 57, 1),
(9, 'Ronald', 'Sweeney', 'Ronal.SWEENEY8696@mailinator.com', 'asd', 13, 1),
(10, 'Shiloh', 'Richmond', 'Shiloh.RICHM5893@reallymymail.com', 'test', 3, 2),
(11, 'Thomas', 'Miller', 'Tho.MILLER2337@dispostable.com', 'asd', 98, 2),
(12, 'Jake', 'Fields', 'Ja.FIELDS4367@reallymymail.com', 'password', 67, 1),
(13, 'Tyree', 'Griffin', 'Ty.GRIF1538@monumentmail.com', 'asd', 15, 1),
(14, 'Sarai', 'Pitts', 'Sar.PITTS5264@monumentmail.com', 'asd', 73, 2),
(15, 'Benton', 'Thornton', 'Bento.THORNT4339@dispostable.com', 'password', 74, 1),
(16, 'Kelvin', 'Mccray', 'Kelvin.MCCRA7078@mailinator.com', 'test', 64, 2),
(17, 'Jordyn', 'Baird', 'Jordyn.BA6370@monumentmail.com', 'asd', 7, 2),
(18, 'Troy', 'Trujillo', 'Tro.TRUJIL1139@reallymymail.com', 'asd', 109, 1),
(19, 'Bryson', 'Stout', 'Bry.STOU7080@yopmail.com', 'test', 45, 2),
(20, 'Jocelyn', 'Clark', 'Joce.CLA9695@dispostable.com', 'password', 40, 2),
(21, 'Mariah', 'Hobbs', 'Mar.HO6867@reallymymail.com', 'password', 43, 2),
(22, 'Edgar', 'Dawson', 'Edgar.DAWSO2311@dispostable.com', 'asd', 52, 1),
(23, 'Zion', 'Pope', 'Zion.POP7472@monumentmail.com', 'password', 51, 1),
(24, 'Addyson', 'Hogan', 'Add.HO8622@yopmail.com', 'asd', 75, 2),
(25, 'Corban', 'Cameron', 'Corba.CAMER6605@reallymymail.com', 'test', 40, 1),
(26, 'Temperance', 'Graham', 'Temper.GRAH2903@monumentmail.com', 'test', 55, 1),
(27, 'Dylan', 'Valencia', 'Dyl.VALE8813@reallymymail.com', 'test', 43, 1),
(28, 'Jared', 'Kirkland', 'Jared.KIRKLAN9324@dispostable.com', 'asd', 16, 2),
(29, 'Jaelyn', 'Lynch', 'Jaely.LY5860@monumentmail.com', 'asd', 33, 2),
(30, 'Ingrid', 'Morrow', 'Ing.MOR4282@monumentmail.com', 'test', 41, 2),
(31, 'Alayna', 'Cooley', 'Alayn.COOLE6626@reallymymail.com', 'password', 91, 2),
(32, 'Keyla', 'Dickson', 'Key.DICKSON2571@dispostable.com', 'asd', 48, 1),
(33, 'Diana', 'Owens', 'Dian.OWENS5367@reallymymail.com', 'test', 53, 1),
(34, 'Madyson', 'Durham', 'Mad.DURH4355@mailinator.com', 'test', 32, 1),
(35, 'Kaelyn', 'Weiss', 'Kaelyn.WEIS5743@reallymymail.com', 'asd', 47, 2),
(36, 'Osvaldo', 'Jacobs', 'Osvaldo.JACOB9722@monumentmail.com', 'password', 6, 2),
(37, 'Karly', 'Hughes', 'Ka.HUGHES5231@yopmail.com', 'password', 106, 2),
(38, 'Kamden', 'Clay', 'Kamd.CLA9071@yopmail.com', 'test', 110, 2),
(39, 'Karlie', 'Rios', 'Karlie.RIO3858@yopmail.com', 'test', 34, 2),
(40, 'Lamar', 'Merritt', 'Lama.MERRITT4579@yopmail.com', 'password', 29, 1),
(41, 'Tristan', 'Mcpherson', 'Trist.MCPHERS6976@monumentmail.com', 'asd', 21, 2),
(42, 'Luis', 'Barlow', 'Lui.BARLOW4468@monumentmail.com', 'password', 91, 2),
(43, 'Mario', 'Kent', 'Mar.KENT3270@yopmail.com', 'asd', 5, 2),
(44, 'Jaidyn', 'Klein', 'Jaid.KL7092@monumentmail.com', 'password', 28, 1),
(45, 'Alianna', 'Baker', 'Alianna.BAKE6184@mailinator.com', 'test', 41, 1),
(46, 'Aryana', 'Dickson', 'Ary.DIC2833@yopmail.com', 'password', 21, 2),
(47, 'Camron', 'Valentine', 'Camron.VALE7444@reallymymail.com', 'test', 27, 2),
(48, 'Madilynn', 'Pruitt', 'Madi.PRUI7151@reallymymail.com', 'asd', 63, 1),
(49, 'Eva', 'Freeman', 'Ev.FREEMAN3704@reallymymail.com', 'test', 89, 1),
(50, 'Cory', 'Osborn', 'Cor.OSBORN7314@reallymymail.com', 'password', 102, 1),
(51, 'Arnav', 'Webb', 'Arna.WEBB5250@yopmail.com', 'asd', 4, 2),
(52, 'Augustus', 'Dickerson', 'Augustus.DICK6854@yopmail.com', 'test', 53, 2),
(53, 'Kobe', 'Parrish', 'Kob.PARRISH8073@mailinator.com', 'test', 90, 2),
(54, 'Fisher', 'Owens', 'Fishe.OWENS4400@reallymymail.com', 'test', 109, 1),
(55, 'Ronin', 'Roth', 'Roni.ROTH1220@dispostable.com', 'password', 32, 2),
(56, 'Jaylyn', 'Jensen', 'Jayl.JEN5315@reallymymail.com', 'test', 78, 2),
(57, 'Trinity', 'Ross', 'Tri.ROSS1906@dispostable.com', 'test', 94, 2),
(58, 'Amari', 'Fischer', 'Am.FISC4564@mailinator.com', 'password', 33, 1),
(59, 'Imani', 'Webster', 'Iman.WEBS8439@yopmail.com', 'test', 27, 1),
(60, 'Bentley', 'Stein', 'Bentle.ST9707@yopmail.com', 'asd', 78, 1),
(61, 'Rylee', 'Blackburn', 'Ry.BLACKB8004@mailinator.com', 'password', 105, 1),
(62, 'Tomas', 'Landry', 'Toma.LANDRY5796@monumentmail.com', 'test', 100, 2),
(63, 'Trent', 'Mcneil', 'Tren.MCNE9295@reallymymail.com', 'test', 85, 2),
(64, 'Brycen', 'Hoover', 'Bryce.HOOVE8042@monumentmail.com', 'asd', 51, 2),
(65, 'Jocelyn', 'Osborn', 'Joce.OSBO4358@dispostable.com', 'test', 75, 2),
(66, 'Megan', 'Bruce', 'Megan.BR3464@mailinator.com', 'test', 72, 1),
(67, 'Santino', 'Shepard', 'Santin.SHEPA4305@dispostable.com', 'test', 69, 2),
(68, 'Adrian', 'Mcfarland', 'Adrian.MCFAR7707@mailinator.com', 'test', 50, 1),
(69, 'Abril', 'Avila', 'Abril.AVI8953@dispostable.com', 'test', 14, 2),
(70, 'Kaitlin', 'Burnett', 'Kaitli.BURN4902@yopmail.com', 'test', 3, 1),
(71, 'Liv', 'Douglas', 'Liv.DOUGL2919@mailinator.com', 'asd', 42, 2),
(72, 'Elena', 'Crane', 'Elen.CRANE2958@yopmail.com', 'asd', 37, 1),
(73, 'Carl', 'Hicks', 'Car.HICK7438@yopmail.com', 'test', 71, 2),
(74, 'Alexandra', 'Gaines', 'Alex.GAIN6136@mailinator.com', 'test', 98, 2),
(75, 'Meghan', 'Sexton', 'Meghan.SEX1596@mailinator.com', 'password', 83, 1),
(76, 'Lila', 'Mooney', 'Lil.MOONE1443@dispostable.com', 'password', 34, 2),
(77, 'Arturo', 'Barber', 'Artur.BARB5092@dispostable.com', 'password', 48, 2),
(78, 'Aniyah', 'Giles', 'Aniyah.GILE9924@reallymymail.com', 'password', 36, 1),
(79, 'Bo', 'Mclean', 'Bo.MCLEA5472@reallymymail.com', 'test', 79, 2),
(80, 'Maxwell', 'Weaver', 'Maxwel.WEA2492@monumentmail.com', 'asd', 42, 1),
(81, 'Rowan', 'Merritt', 'Ro.MERRIT2369@mailinator.com', 'password', 16, 2),
(82, 'Gabrielle', 'Delacruz', 'Gabrielle.DELAC7443@monumentmail.com', 'test', 81, 1),
(83, 'Erik', 'Gomez', 'Erik.GOM7476@mailinator.com', 'test', 53, 1),
(84, 'Nico', 'Boyer', 'Ni.BOYE9610@mailinator.com', 'password', 4, 1),
(85, 'Ingrid', 'Michael', 'Ingri.MICH2602@dispostable.com', 'test', 108, 2),
(86, 'Winston', 'Hines', 'Winsto.HINES5332@reallymymail.com', 'test', 95, 1),
(87, 'Branson', 'Gould', 'Bran.GO5713@monumentmail.com', 'password', 24, 2),
(88, 'Skylar', 'Bauer', 'Skylar.BAUER2699@mailinator.com', 'asd', 90, 2),
(89, 'Laylah', 'Pace', 'Layl.PACE1707@yopmail.com', 'test', 23, 1),
(90, 'Draven', 'Fields', 'Dra.FIELD2717@monumentmail.com', 'password', 58, 2),
(91, 'Reese', 'Franco', 'Rees.FRANC8471@yopmail.com', 'password', 26, 2),
(92, 'Nadia', 'Schwartz', 'Nadia.SCHWART1105@monumentmail.com', 'test', 103, 1),
(93, 'Emmanuel', 'Cobb', 'Emmanu.CO8174@reallymymail.com', 'test', 93, 2),
(94, 'Jedidiah', 'Albert', 'Jedid.ALB8888@monumentmail.com', 'asd', 17, 2),
(95, 'Benson', 'Moses', 'Benson.MOSES7010@mailinator.com', 'asd', 97, 2),
(96, 'Colton', 'Puckett', 'Colt.PUCKE8945@mailinator.com', 'asd', 11, 1),
(97, 'Gauge', 'Nguyen', 'Ga.NGUYEN5869@dispostable.com', 'asd', 3, 2),
(98, 'Jayde', 'Rich', 'Jay.RICH2460@monumentmail.com', 'test', 44, 1),
(99, 'Ray', 'Parrish', 'Ray.PARRI7925@reallymymail.com', 'asd', 42, 2),
(100, 'Skyla', 'Freeman', 'Skyla.FREEMAN9744@yopmail.com', 'test', 85, 1),
(101, 'Memphis', 'Kemp', 'Memp.KEM5999@monumentmail.com', 'test', 37, 1),
(102, 'Remy', 'Luna', 'Rem.LUNA7135@monumentmail.com', 'password', 46, 2),
(103, 'Lana', 'Reilly', 'Lan.REILLY6299@monumentmail.com', 'test', 43, 2),
(104, 'Demarcus', 'Ortiz', 'Demar.ORT6351@dispostable.com', 'test', 103, 2),
(105, 'Abraham', 'Newman', 'Abraham.NEW8828@mailinator.com', 'password', 109, 1),
(106, 'Brenna', 'Gallagher', 'Brenn.GALLAGH3786@monumentmail.com', 'password', 70, 2),
(107, 'Aldo', 'Baxter', 'Aldo.BAX8877@monumentmail.com', 'test', 12, 2),
(108, 'Imani', 'Salazar', 'Imani.SAL6665@reallymymail.com', 'test', 100, 2),
(109, 'Averi', 'Hines', 'Aver.HIN2492@yopmail.com', 'password', 97, 2),
(110, 'Grady', 'Hill', 'Grad.HILL1324@monumentmail.com', 'password', 6, 2),
(111, 'Ronald', 'Ayala', 'Ronal.AYALA1902@yopmail.com', 'password', 111, 2),
(112, 'Leonel', 'Chapman', 'Leone.CHAPMA1850@yopmail.com', 'asd', 75, 2),
(113, 'Ashlynn', 'Bird', 'Ashlynn.BIRD2699@mailinator.com', 'asd', 68, 1),
(114, 'Ignacio', 'Yates', 'Ignac.YAT3346@reallymymail.com', 'password', 50, 1),
(115, 'Leonel', 'Berger', 'Leo.BER3362@yopmail.com', 'test', 65, 1),
(116, 'Eduardo', 'Joyce', 'Eduar.JO2442@monumentmail.com', 'password', 11, 2),
(117, 'Jaxen', 'Talley', 'Jaxen.TALLEY7546@reallymymail.com', 'password', 24, 2),
(118, 'Angelica', 'Harris', 'Angelic.HARRIS4366@dispostable.com', 'password', 105, 1),
(119, 'Thomas', 'Zamora', 'Tho.ZAMOR2605@monumentmail.com', 'asd', 99, 2),
(120, 'Imani', 'Pate', 'Im.PA9845@monumentmail.com', 'asd', 67, 2),
(121, 'Leonardo', 'Nunez', 'Leonard.NUNE3635@reallymymail.com', 'password', 7, 1),
(122, 'Arnav', 'Emerson', 'Arna.EMERS6529@reallymymail.com', 'asd', 100, 1),
(123, 'Jared', 'Hewitt', 'Jar.HEWI3422@mailinator.com', 'password', 58, 2),
(124, 'Alianna', 'Kelly', 'Alian.KELL9939@reallymymail.com', 'password', 52, 2),
(125, 'Jameson', 'Combs', 'Jame.COM3696@mailinator.com', 'asd', 29, 1),
(126, 'Jaylin', 'Pope', 'Jaylin.POP8845@monumentmail.com', 'password', 3, 1),
(127, 'Hailey', 'Wilkins', 'Hai.WIL4159@reallymymail.com', 'asd', 32, 2),
(128, 'Kenzie', 'Leon', 'Kenz.LEON5034@dispostable.com', 'asd', 75, 1),
(129, 'Ronald', 'Shaffer', 'Ron.SHA4078@reallymymail.com', 'asd', 58, 1),
(130, 'Mila', 'Spence', 'Mi.SPENCE2931@mailinator.com', 'password', 26, 1),
(131, 'Taylor', 'Atkinson', 'Tay.ATKI1444@dispostable.com', 'asd', 110, 1),
(132, 'Leona', 'Montoya', 'Le.MONTO1727@mailinator.com', 'asd', 7, 2),
(133, 'Alfred', 'Richardson', 'Alfre.RICHARDSO5547@yopmail.com', 'asd', 22, 1),
(134, 'Alan', 'Tanner', 'Ala.TANNER1174@monumentmail.com', 'test', 65, 2),
(135, 'Madilynn', 'Jordan', 'Madilynn.JORDA1044@monumentmail.com', 'test', 100, 2),
(136, 'Joanna', 'Shaffer', 'Joan.SHAFFER2077@yopmail.com', 'test', 13, 1),
(137, 'Juliana', 'Rose', 'Juliana.ROS5945@reallymymail.com', 'asd', 14, 1),
(138, 'Tripp', 'Cannon', 'Tr.CAN1863@mailinator.com', 'test', 38, 2),
(139, 'Karla', 'Baxter', 'Karl.BAXTER7902@yopmail.com', 'asd', 80, 2),
(140, 'Andres', 'Ochoa', 'Andr.OCHO5039@monumentmail.com', 'asd', 74, 2),
(141, 'Arnav', 'Myers', 'Arna.MYERS2165@dispostable.com', 'test', 36, 1),
(142, 'Nataly', 'Rivas', 'Natal.RIVAS9709@yopmail.com', 'password', 109, 1),
(143, 'Aspen', 'Owen', 'Aspe.OW2574@monumentmail.com', 'test', 37, 1),
(144, 'Pablo', 'Miller', 'Pablo.MILLER3207@dispostable.com', 'asd', 53, 1),
(145, 'Xavier', 'Hodge', 'Xavie.HODGE1877@mailinator.com', 'password', 91, 2),
(146, 'Elena', 'Buchanan', 'Elena.BUCHA4158@reallymymail.com', 'test', 82, 1),
(147, 'Dante', 'Clayton', 'Dant.CLAYTON3572@monumentmail.com', 'test', 62, 2),
(148, 'Ivy', 'Sparks', 'Ivy.SPA9549@dispostable.com', 'password', 25, 2),
(149, 'Daniel', 'Vega', 'Daniel.VEG2774@reallymymail.com', 'password', 10, 2),
(150, 'Graysen', 'Cantu', 'Gray.CAN8547@mailinator.com', 'password', 111, 2),
(151, 'Judith', 'Reyes', 'Jud.REYES9181@monumentmail.com', 'test', 76, 2),
(152, 'Leon', 'Byers', 'Leon.BYE9028@mailinator.com', 'password', 66, 1),
(153, 'Penelope', 'Hubbard', 'Pene.HUBBA7702@reallymymail.com', 'password', 83, 1),
(154, 'Cash', 'Sexton', 'Cash.SEXTON3719@reallymymail.com', 'test', 61, 1),
(155, 'Rylan', 'Hull', 'Ryla.HULL3136@dispostable.com', 'test', 58, 1),
(156, 'Helena', 'Bean', 'Helen.BE5402@mailinator.com', 'asd', 44, 2),
(157, 'Zaniyah', 'Blair', 'Zaniyah.BL4740@monumentmail.com', 'password', 92, 1),
(158, 'Ronnie', 'Golden', 'Ronnie.GOLDEN4558@reallymymail.com', 'asd', 66, 2),
(159, 'Valentino', 'Tillman', 'Valen.TILL2014@yopmail.com', 'test', 20, 1),
(160, 'Chanel', 'Nelson', 'Chanel.NELSON9137@mailinator.com', 'asd', 101, 2),
(161, 'Abbie', 'Williamson', 'Ab.WILLIAMS5499@monumentmail.com', 'test', 54, 1),
(162, 'Kasey', 'Blevins', 'Kasey.BLEV9814@reallymymail.com', 'password', 5, 1),
(163, 'Jeremy', 'Faulkner', 'Jer.FAULK4764@monumentmail.com', 'test', 105, 2),
(164, 'Wade', 'Sharp', 'Wad.SHA8922@monumentmail.com', 'asd', 96, 1),
(165, 'Kameron', 'Sexton', 'Kameron.SEX3590@reallymymail.com', 'test', 95, 1),
(166, 'Rosemary', 'Prince', 'Rosem.PRINCE2914@yopmail.com', 'test', 43, 1),
(167, 'Enrique', 'Hurst', 'Enri.HURST3700@monumentmail.com', 'asd', 102, 1),
(168, 'Amina', 'Stein', 'Ami.STE7342@reallymymail.com', 'test', 89, 2),
(169, 'Willow', 'Love', 'Willo.LOV9205@reallymymail.com', 'asd', 101, 1),
(170, 'Ethen', 'Wagner', 'Ethe.WAGN8309@mailinator.com', 'asd', 25, 2),
(171, 'Avery', 'Hunt', 'Aver.HUNT4422@mailinator.com', 'password', 21, 2),
(172, 'Preston', 'Dotson', 'Pres.DOTSO4661@reallymymail.com', 'asd', 79, 1),
(173, 'Gabriela', 'Mcconnell', 'Gabri.MCCONNELL1975@mailinator.com', 'test', 7, 1),
(174, 'Sanaa', 'Norman', 'Sana.NORM7779@yopmail.com', 'password', 44, 2),
(175, 'Celia', 'Barr', 'Celi.BARR5802@mailinator.com', 'test', 81, 2),
(176, 'Kourtney', 'Wade', 'Kour.WAD4601@monumentmail.com', 'asd', 20, 1),
(177, 'Gerald', 'Hebert', 'Ger.HEBE3179@dispostable.com', 'asd', 105, 2),
(178, 'Macy', 'Turner', 'Mac.TURN6093@yopmail.com', 'test', 104, 1),
(179, 'Royce', 'Pennington', 'Royce.PENNINGTO9065@mailinator.com', 'password', 55, 1),
(180, 'Alice', 'Macias', 'Al.MAC5312@mailinator.com', 'asd', 51, 2),
(181, 'Sophie', 'Harper', 'Sophi.HARPER4001@mailinator.com', 'asd', 101, 2),
(182, 'Kohen', 'Ortiz', 'Kohe.ORT7843@mailinator.com', 'password', 75, 2),
(183, 'Rowan', 'Ochoa', 'Row.OCH7938@dispostable.com', 'test', 15, 2),
(184, 'Nickolas', 'Austin', 'Nickol.AUS8946@yopmail.com', 'password', 15, 1),
(185, 'Paityn', 'Carpenter', 'Pai.CARPENTE4329@dispostable.com', 'test', 87, 1),
(186, 'Adam', 'Gates', 'Ada.GA7496@monumentmail.com', 'password', 110, 2),
(187, 'Gilbert', 'Johns', 'Gilbert.JOH3436@yopmail.com', 'password', 46, 1),
(188, 'Matthias', 'Merritt', 'Matthias.MERRI4956@dispostable.com', 'test', 41, 2),
(189, 'Reid', 'Sweeney', 'Rei.SWEEN5530@reallymymail.com', 'test', 14, 1),
(190, 'Jensen', 'Compton', 'Jen.COMPT1820@dispostable.com', 'password', 12, 1),
(191, 'Micah', 'Haynes', 'Micah.HAYN1123@dispostable.com', 'test', 36, 2),
(192, 'Aubree', 'Henderson', 'Aubre.HENDERS7619@dispostable.com', 'password', 100, 1),
(193, 'Mayson', 'Mccullough', 'Mayso.MCCUL7343@dispostable.com', 'password', 10, 2),
(194, 'Tiffany', 'Vargas', 'Tiffany.VARGAS4006@monumentmail.com', 'test', 97, 2),
(195, 'Kensley', 'David', 'Kens.DAV2572@dispostable.com', 'asd', 38, 1),
(196, 'Gilberto', 'Morris', 'Gilbert.MORRIS4893@yopmail.com', 'password', 31, 2),
(197, 'Catherine', 'Robbins', 'Cather.ROBBINS5351@monumentmail.com', 'password', 54, 1),
(198, 'Sterling', 'Harmon', 'Sterlin.HAR5059@yopmail.com', 'asd', 5, 2),
(199, 'Amina', 'Mitchell', 'Amin.MITCHELL9647@reallymymail.com', 'asd', 48, 1),
(200, 'Adele', 'Chavez', 'Ad.CHAVE7428@reallymymail.com', 'password', 92, 2);

-- --------------------------------------------------------

--
-- Table structure for table `bicycle_rental_order`
--

CREATE TABLE `bicycle_rental_order` (
  `id` int(10) NOT NULL,
  `rented_bicycle_outlet_user_id` int(10) NOT NULL,
  `outlet_customer_id` int(10) NOT NULL,
  `bicycle_info_id` int(10) NOT NULL,
  `rented_time` timestamp NOT NULL DEFAULT CURRENT_TIMESTAMP ON UPDATE CURRENT_TIMESTAMP,
  `returned_bicycle_outlet_user_id` int(10) NOT NULL,
  `returned_time` timestamp NULL DEFAULT NULL,
  `hour_discount` int(2) DEFAULT NULL,
  `sum_before_discount` decimal(10,0) DEFAULT NULL,
  `total_order_sum` decimal(10,0) DEFAULT NULL
) ENGINE=InnoDB DEFAULT CHARSET=latin1;

-- --------------------------------------------------------

--
-- Table structure for table `bicycle_type`
--

CREATE TABLE `bicycle_type` (
  `id` int(10) NOT NULL,
  `name` varchar(100) CHARACTER SET utf8 COLLATE utf8_bin NOT NULL
) ENGINE=InnoDB DEFAULT CHARSET=latin1;

--
-- Dumping data for table `bicycle_type`
--

INSERT INTO `bicycle_type` (`id`, `name`) VALUES
(5, 'BMX'),
(3, 'City'),
(1, 'Road'),
(2, 'Touring'),
(4, 'Trekking');

-- --------------------------------------------------------

--
-- Table structure for table `discount_rate`
--

CREATE TABLE `discount_rate` (
  `hour` int(11) NOT NULL,
  `discount_rate` int(11) NOT NULL
) ENGINE=InnoDB DEFAULT CHARSET=latin1;

-- --------------------------------------------------------

--
-- Table structure for table `outlet_customer`
--

CREATE TABLE `outlet_customer` (
  `id` int(10) NOT NULL,
  `first_name` varchar(20) NOT NULL,
  `last_name` varchar(20) NOT NULL,
  `address` varchar(100) NOT NULL,
  `phone` varchar(11) NOT NULL
) ENGINE=InnoDB DEFAULT CHARSET=latin1;

--
-- Dumping data for table `outlet_customer`
--

INSERT INTO `outlet_customer` (`id`, `first_name`, `last_name`, `address`, `phone`) VALUES
(1, 'Nahla', 'Kirby', '9511 Maud', '+4 33725851'),
(2, 'Parker', 'Herrera', '3830 Weed', '+0 81805465'),
(3, 'Jeffery', 'Arnold', '3587 54th', '+1 03476544'),
(4, 'Simone', 'Clark', '3279 Park Shore East', '+7 06983609'),
(5, 'Lewis', 'Mills', '111 I55 Damen St', '+3 73217442'),
(6, 'Jaylin', 'Webster', '8488 22nd', '+0 71519138'),
(7, 'Rylee', 'Warren', '249 Spaulding', '+1 83437805'),
(8, 'Summer', 'Hendrix', '8024 Dan Ryan 79th St', '+1 73766846'),
(9, 'Aaden', 'Everett', '4630 Kennedy Ob Eisenhower Ob', '+5 25219683'),
(10, 'Emery', 'Sullivan', '3366 Burling', '+1 01442287'),
(11, 'Alessandra', 'Hooper', '8301 Corbett', '+4 04631933'),
(12, 'Diya', 'Hahn', '6219 Odell', '+7 15184528'),
(13, 'Reese', 'Fox', '2693 Old Higgins', '+4 18832157'),
(14, 'Maksim', 'Lowery', '4723 Old Lake Shore', '+1 48714698'),
(15, 'Kylah', 'Juarez', '6754 Sangamon', '+0 29582343'),
(16, 'Cora', 'Carver', '4887 Calumet', '+3 12245391'),
(17, 'Luz', 'Spencer', '6368 Naples', '+5 15287808'),
(18, 'Freddy', 'Schneider', '2634 Marketplace Access', '+1 27558877'),
(19, 'Andre', 'Mcclure', '6601 Dan Ryan 63rd St', '+0 44710808'),
(20, 'Mohammed', 'Carey', '2718 Kolin', '+2 86980221'),
(21, 'Arielle', 'Banks', '3853 Dean', '+8 51690889'),
(22, 'Melina', 'Ford', '8083 Thomas', '+8 67832635'),
(23, 'Jedidiah', 'Mcmahon', '9910 Kennedy Ohio Feeder', '+3 03478955'),
(24, 'Guillermo', 'Massey', '5529 Carmen', '+1 82164104'),
(25, 'Phoenix', 'Weber', '6458 Eastlake', '+8 08549067'),
(26, 'Kade', 'Leon', '1459 Stave', '+4 35034921'),
(27, 'Hadassah', 'Palmer', '6770 Kennedy Ohio Feeder', '+1 21203356'),
(28, 'Layne', 'Marsh', '8621 Riverwalk', '+0 73893525'),
(29, 'Camilla', 'Cruz', '9603 Monticello', '+0 19920481'),
(30, 'Carolyn', 'Ewing', '4698 Kedzie', '+0 86163036'),
(31, 'Karissa', 'Michael', '1584 Mac Chesney', '+1 07181940'),
(32, 'Reyna', 'Guy', '2930 Neola', '+0 87360737'),
(33, 'Katherine', 'Evans', '2338 Halsted', '+1 23133915'),
(34, 'Emely', 'Ellison', '6014 Kennedy Av', '+2 09975259'),
(35, 'Sienna', 'Hodge', '6605 Chestnut', '+8 18180686'),
(36, 'Brynn', 'Nichols', '3118 Beverly Glen', '+8 58415995'),
(37, 'Sonia', 'Moon', '5048 56th', '+4 03709516'),
(38, 'Amirah', 'Sims', '8226 North Shore', '+2 91606672'),
(39, 'Karen', 'Bray', '2666 Ionia', '+3 91725931'),
(40, 'Zion', 'Levine', '7726 Lsd Wilson Av', '+7 39111841'),
(41, 'Jase', 'Erickson', '8690 Cortez', '+2 42516663'),
(42, 'Milana', 'Pollard', '2830 Le Moyne', '+1 21896242'),
(43, 'Spencer', 'Reese', '2615 Doty', '+6 08759306'),
(44, 'Muhammad', 'Burch', '4047 Kirkwood', '+6 01109778'),
(45, 'Analia', 'Weaver', '6876 Kemper', '+2 85284137'),
(46, 'Harry', 'Johnston', '6636 Glenroy', '+3 45566012'),
(47, 'Ari', 'Johnson', '8662 Beach', '+7 27139615'),
(48, 'Ralph', 'Bentley', '4301 Burnham', '+4 83729290'),
(49, 'Amari', 'Oneal', '1979 Picardy', '+0 83874379'),
(50, 'Darnell', 'Wallace', '8476 Bishop Ford 130th St', '+3 28497932'),
(51, 'Jayce', 'Griffith', '9476 Commonwealth', '+0 43718754'),
(52, 'Neveah', 'Allison', '1299 Division', '+6 06765364'),
(53, 'Tori', 'Hodge', '5568 Kennedy Ob Jfk Express Lanes', '+6 76425300'),
(54, 'Alana', 'Castro', '6084 Julian', '+7 96216516'),
(55, 'Brendan', 'Haynes', '1568 Oleander', '+6 07266359'),
(56, 'Isabell', 'Maddox', '8594 Kennedy Sacramento Av', '+1 03220397'),
(57, 'Celeste', 'Steele', '6368 Livermore', '+2 19666265'),
(58, 'Emmanuel', 'Russo', '6585 Streeter', '+1 36113770'),
(59, 'Joey', 'Cline', '2387 41st', '+1 71949181'),
(60, 'Jamie', 'Barnett', '4555 Throop', '+1 51826449'),
(61, 'Braelyn', 'Williamson', '9033 Chicago Skyway', '+0 99535890'),
(62, 'Tiffany', 'Swanson', '4965 Stewart', '+1 66143070'),
(63, 'Sebastian', 'Bryant', '2371 Marmora', '+0 31330878'),
(64, 'Emilee', 'Oconnor', '90 Rush', '+8 51916164'),
(65, 'Kinley', 'Ayers', '1438 Swann', '+4 09705413'),
(66, 'Jenny', 'Howe', '3917 Stevenson Ob Dan Ryan', '+0 24132388'),
(67, 'Zechariah', 'Daugherty', '7427 Winthrop', '+8 58492948'),
(68, 'Bronson', 'Burke', '8808 Schraeder', '+2 02653893'),
(69, 'Bruce', 'Harvey', '9048 Warwick', '+1 84364470'),
(70, 'Presley', 'David', '592 Haussen', '+6 76425836'),
(71, 'Madelynn', 'Barrera', '2261 Nicolet', '+3 68966857'),
(72, 'Taylor', 'Mccray', '5938 Hollywood', '+1 44356362'),
(73, 'Jerome', 'Wall', '8832 Pine Grove', '+5 03501426'),
(74, 'Frances', 'Merrill', '2504 Geneva', '+7 99607093'),
(75, 'Amari', 'Barrera', '197 Transit', '+1 78731950'),
(76, 'Kai', 'Britt', '4725 Lipps', '+3 06607361'),
(77, 'Dylan', 'Webb', '67 Hobson', '+4 08973106'),
(78, 'Alexia', 'Duke', '6593 Brodman', '+7 08217185'),
(79, 'Carmelo', 'Orr', '7782 Arcade', '+3 09914034'),
(80, 'Valentino', 'Coffey', '6439 Stevenson Ib Dan Ryan Ib', '+1 68023151'),
(81, 'Dwayne', 'Houston', '3675 Hoey', '+4 01063494'),
(82, 'Brielle', 'Kline', '7757 Alexander', '+4 76568547'),
(83, 'Sydney', 'Graves', '3006 Willetts', '+0 66031504'),
(84, 'Christine', 'Spears', '3293 Polk', '+3 48297415'),
(85, 'Daniela', 'Shepherd', '1374 38th', '+3 01762963'),
(86, 'Carson', 'Spencer', '3636 Wacker Lower', '+1 74510599'),
(87, 'Kareem', 'Cortez', '9447 Hermione', '+4 75948602'),
(88, 'Kiara', 'Daniels', '150 Galewood', '+2 35735920'),
(89, 'Addyson', 'Ayala', '4297 Mccormick Pl Busway', '+1 02242621'),
(90, 'Samantha', 'May', '1366 Commonwealth', '+8 05252151'),
(91, 'Aditya', 'Mayer', '1681 Riverside', '+3 16793226'),
(92, 'Donte', 'Rodgers', '6973 Dan Ryan 43rd St', '+7 69967804'),
(93, 'Branden', 'Chan', '9077 Kingston', '+8 65417623'),
(94, 'Kaleigh', 'Faulkner', '5688 New', '+5 67751630'),
(95, 'Karis', 'Vazquez', '5747 Wacker', '+7 01518851'),
(96, 'Francesca', 'Robertson', '1830 Cottage', '+6 97156068'),
(97, 'Samara', 'Pena', '7956 Eisenhower Laramie Av', '+6 23146361'),
(98, 'Brylee', 'Hawkins', '7842 Park', '+1 32541771'),
(99, 'Jimena', 'Giles', '5572 Nora', '+3 28237504'),
(100, 'Julieta', 'Atkinson', '3148 Wesley', '+1 76137975'),
(101, 'Test', 'Testing', 'Addresstest', '123123123');

-- --------------------------------------------------------

--
-- Table structure for table `user_role`
--

CREATE TABLE `user_role` (
  `id` int(10) NOT NULL,
  `name` varchar(50) CHARACTER SET utf8 COLLATE utf8_bin NOT NULL
) ENGINE=InnoDB DEFAULT CHARSET=latin1;

--
-- Dumping data for table `user_role`
--

INSERT INTO `user_role` (`id`, `name`) VALUES
(2, 'Employee'),
(1, 'Manager');

--
-- Indexes for dumped tables
--

--
-- Indexes for table `bicycle_brand`
--
ALTER TABLE `bicycle_brand`
  ADD PRIMARY KEY (`id`),
  ADD UNIQUE KEY `U_bicycle_brand_name` (`name`);

--
-- Indexes for table `bicycle_disposal`
--
ALTER TABLE `bicycle_disposal`
  ADD KEY `FK_bicycle_disposal_outlet_id` (`outlet_id`),
  ADD KEY `FK_bicycle_disposal_bicycle_id` (`bicycle_id`);

--
-- Indexes for table `bicycle_info`
--
ALTER TABLE `bicycle_info`
  ADD PRIMARY KEY (`id`),
  ADD UNIQUE KEY `U_bicycle_info` (`name`,`brand_id`,`type_id`,`gear_number`,`wheel_size`),
  ADD KEY `FK_brand_id` (`brand_id`),
  ADD KEY `FK_bicyle_type_id` (`type_id`);

--
-- Indexes for table `bicycle_outlet`
--
ALTER TABLE `bicycle_outlet`
  ADD PRIMARY KEY (`id`),
  ADD UNIQUE KEY `U_bicycle_outlet` (`name`,`address`);

--
-- Indexes for table `bicycle_outlet_user_info`
--
ALTER TABLE `bicycle_outlet_user_info`
  ADD PRIMARY KEY (`id`),
  ADD UNIQUE KEY `email` (`email`),
  ADD KEY `FK_bicycle_outlet_user_info_bicycle_outlet_id` (`bicycle_outlet_id`),
  ADD KEY `FK_bicycle_outlet_user_info_user_role_id` (`user_role_id`);

--
-- Indexes for table `bicycle_rental_order`
--
ALTER TABLE `bicycle_rental_order`
  ADD PRIMARY KEY (`id`),
  ADD KEY `FK_bicyle_rental_order_outlet_customer_id` (`outlet_customer_id`),
  ADD KEY `FK_bicyle_rental_order_bicycle_info_id` (`bicycle_info_id`),
  ADD KEY `id` (`id`,`rented_bicycle_outlet_user_id`,`outlet_customer_id`,`bicycle_info_id`,`rented_time`,`returned_bicycle_outlet_user_id`,`returned_time`,`hour_discount`,`sum_before_discount`,`total_order_sum`),
  ADD KEY `FK_bicyle_rental_order_rented_bicycle_outlet_user_id` (`rented_bicycle_outlet_user_id`),
  ADD KEY `FK_bicyle_rental_order_returned_bicycle_outlet_user_id` (`returned_bicycle_outlet_user_id`);

--
-- Indexes for table `bicycle_type`
--
ALTER TABLE `bicycle_type`
  ADD PRIMARY KEY (`id`),
  ADD UNIQUE KEY `U_bicycle_type` (`name`);

--
-- Indexes for table `discount_rate`
--
ALTER TABLE `discount_rate`
  ADD UNIQUE KEY `hour` (`hour`);

--
-- Indexes for table `outlet_customer`
--
ALTER TABLE `outlet_customer`
  ADD PRIMARY KEY (`id`);

--
-- Indexes for table `user_role`
--
ALTER TABLE `user_role`
  ADD PRIMARY KEY (`id`),
  ADD UNIQUE KEY `name` (`name`);

--
-- AUTO_INCREMENT for dumped tables
--

--
-- AUTO_INCREMENT for table `bicycle_brand`
--
ALTER TABLE `bicycle_brand`
  MODIFY `id` int(10) NOT NULL AUTO_INCREMENT, AUTO_INCREMENT=101;
--
-- AUTO_INCREMENT for table `bicycle_info`
--
ALTER TABLE `bicycle_info`
  MODIFY `id` int(10) NOT NULL AUTO_INCREMENT, AUTO_INCREMENT=1012;
--
-- AUTO_INCREMENT for table `bicycle_outlet`
--
ALTER TABLE `bicycle_outlet`
  MODIFY `id` int(11) NOT NULL AUTO_INCREMENT, AUTO_INCREMENT=112;
--
-- AUTO_INCREMENT for table `bicycle_outlet_user_info`
--
ALTER TABLE `bicycle_outlet_user_info`
  MODIFY `id` int(10) NOT NULL AUTO_INCREMENT, AUTO_INCREMENT=203;
--
-- AUTO_INCREMENT for table `bicycle_rental_order`
--
ALTER TABLE `bicycle_rental_order`
  MODIFY `id` int(10) NOT NULL AUTO_INCREMENT, AUTO_INCREMENT=6;
--
-- AUTO_INCREMENT for table `bicycle_type`
--
ALTER TABLE `bicycle_type`
  MODIFY `id` int(10) NOT NULL AUTO_INCREMENT, AUTO_INCREMENT=6;
--
-- AUTO_INCREMENT for table `outlet_customer`
--
ALTER TABLE `outlet_customer`
  MODIFY `id` int(10) NOT NULL AUTO_INCREMENT, AUTO_INCREMENT=102;
--
-- AUTO_INCREMENT for table `user_role`
--
ALTER TABLE `user_role`
  MODIFY `id` int(10) NOT NULL AUTO_INCREMENT, AUTO_INCREMENT=3;
--
-- Constraints for dumped tables
--

--
-- Constraints for table `bicycle_disposal`
--
ALTER TABLE `bicycle_disposal`
  ADD CONSTRAINT `FK_bicycle_disposal_bicycle_id` FOREIGN KEY (`bicycle_id`) REFERENCES `bicycle_info` (`id`) ON DELETE CASCADE ON UPDATE CASCADE,
  ADD CONSTRAINT `FK_bicycle_disposal_outlet_id` FOREIGN KEY (`outlet_id`) REFERENCES `bicycle_outlet` (`id`) ON DELETE CASCADE ON UPDATE CASCADE;

--
-- Constraints for table `bicycle_info`
--
ALTER TABLE `bicycle_info`
  ADD CONSTRAINT `FK_bicyle_type_id` FOREIGN KEY (`type_id`) REFERENCES `bicycle_type` (`id`) ON DELETE CASCADE ON UPDATE CASCADE,
  ADD CONSTRAINT `FK_brand_id` FOREIGN KEY (`brand_id`) REFERENCES `bicycle_brand` (`id`) ON DELETE CASCADE ON UPDATE CASCADE;

--
-- Constraints for table `bicycle_outlet_user_info`
--
ALTER TABLE `bicycle_outlet_user_info`
  ADD CONSTRAINT `FK_bicycle_outlet_user_info_bicycle_outlet_id` FOREIGN KEY (`bicycle_outlet_id`) REFERENCES `bicycle_outlet` (`id`),
  ADD CONSTRAINT `FK_bicycle_outlet_user_info_user_role_id` FOREIGN KEY (`user_role_id`) REFERENCES `user_role` (`id`);

--
-- Constraints for table `bicycle_rental_order`
--
ALTER TABLE `bicycle_rental_order`
  ADD CONSTRAINT `FK_bicyle_rental_order_bicycle_info_id` FOREIGN KEY (`bicycle_info_id`) REFERENCES `bicycle_info` (`id`) ON DELETE CASCADE ON UPDATE CASCADE,
  ADD CONSTRAINT `FK_bicyle_rental_order_outlet_customer_id` FOREIGN KEY (`outlet_customer_id`) REFERENCES `outlet_customer` (`id`) ON DELETE CASCADE ON UPDATE CASCADE,
  ADD CONSTRAINT `FK_bicyle_rental_order_rented_bicycle_outlet_user_id` FOREIGN KEY (`rented_bicycle_outlet_user_id`) REFERENCES `bicycle_outlet_user_info` (`id`),
  ADD CONSTRAINT `FK_bicyle_rental_order_returned_bicycle_outlet_user_id` FOREIGN KEY (`returned_bicycle_outlet_user_id`) REFERENCES `bicycle_outlet_user_info` (`id`);

/*!40101 SET CHARACTER_SET_CLIENT=@OLD_CHARACTER_SET_CLIENT */;
/*!40101 SET CHARACTER_SET_RESULTS=@OLD_CHARACTER_SET_RESULTS */;
/*!40101 SET COLLATION_CONNECTION=@OLD_COLLATION_CONNECTION */;
